id,date,home_team,away_team,home_goals,away_goals,Goal Attempts_home,Goal Attempts_away,Shots on Goal_home,Shots on Goal_away,Shots off Goal_home,Shots off Goal_away,Free Kicks_home,Free Kicks_away,Corner Kicks_home,Corner Kicks_away,Offsides_home,Offsides_away,Goalkeeper Saves_home,Goalkeeper Saves_away,Fouls_home,Fouls_away,Red Cards_home,Red Cards_away,Yellow Cards_home,Yellow Cards_away,Total Passes_home,Total Passes_away,Tackles_home,Tackles_away,Attacks_home,Attacks_away,Dangerous Attacks_home,Dangerous Attacks_away,Ball Possession_home,Ball Possession_away,Completed Passes_home,Completed Passes_away,Throw-ins_home,Throw-ins_away,result
nslZLTNk,09.06.2019 18:00,Venezia,Salernitana,1,1,23,13,6,5,17,8,20,23,5,2,4,1,5,5,27,19,0,1,3,0,840,342,10,2,153,115,108,52,,,,,,,D
8jkVM98q,05.06.2019 20:45,Salernitana,Venezia,2,1,3,15,2,3,1,12,13,14,1,7,2,3,2,0,13,11,0,0,2,2,374,632,8,3,103,138,37,64,,,,,,,H
QNPJCfA3,02.06.2019 21:15,Verona,Cittadella,3,0,17,8,7,0,10,8,19,13,6,2,6,4,0,4,16,16,0,2,4,5,519,331,0,12,106,88,87,73,,,,,,,H
IcQFDzec,30.05.2019 21:00,Cittadella,Verona,2,0,17,17,8,7,9,10,23,13,5,11,2,4,7,6,11,19,0,0,0,2,309,527,14,2,77,118,32,68,,,,,,,H
IHvxzBHk,26.05.2019 21:00,Pescara,Verona,0,1,9,13,2,3,7,10,17,19,4,5,2,2,2,2,17,15,1,0,4,3,450,459,21,7,98,124,39,38,,,,,,,A
Iotpjkwp,25.05.2019 21:00,Benevento,Cittadella,0,3,13,13,4,6,9,7,25,19,10,3,3,2,3,4,16,23,0,0,2,5,458,344,29,5,126,85,58,40,,,,,,,A
vRuYzi2q,22.05.2019 21:00,Verona,Pescara,0,0,15,16,5,5,10,11,9,22,13,7,3,2,5,5,20,7,0,0,2,2,469,426,5,4,62,58,60,45,,,,,,,D
GxfIfVUS,21.05.2019 21:00,Cittadella,Benevento,1,2,5,15,5,5,0,10,24,19,1,6,3,10,3,4,16,16,1,1,2,2,302,518,20,4,59,142,19,44,,,,,,,A
QeDiPvVf,18.05.2019 21:00,Verona,Perugia,4,1,18,14,10,4,8,10,26,18,11,3,3,0,3,6,14,21,0,1,3,5,591,583,8,12,99,109,47,46,,,,,,,H
WYDmQKFl,17.05.2019 21:00,Spezia,Cittadella,1,2,19,16,5,4,14,12,13,8,10,7,0,2,2,4,8,12,0,0,1,3,540,398,7,10,54,67,29,31,,,,,,,A
29WUjP0t,11.05.2019 15:00,AC Carpi,Venezia,2,3,8,23,2,6,6,17,15,11,4,14,1,2,3,0,10,14,1,0,3,7,325,581,5,0,81,132,28,64,,,,,,,A
UcPblWvr,11.05.2019 15:00,Brescia,Benevento,2,3,9,14,2,8,7,6,18,17,5,4,3,2,5,0,15,16,0,0,1,0,454,442,11,10,108,83,63,34,,,,,,,A
QTKwgCWQ,11.05.2019 15:00,Crotone,Ascoli,3,0,9,13,6,5,3,8,20,14,5,6,2,8,5,3,12,14,0,0,,,605,381,2,4,81,85,44,29,,,,,,,H
Qq918iWD,11.05.2019 15:00,Lecce,Spezia,2,1,9,15,5,5,4,10,15,11,6,9,3,0,4,3,9,15,0,0,1,1,363,538,14,0,70,110,33,60,,,,,,,H
bwHFplv7,11.05.2019 15:00,Padova,Livorno,1,1,17,17,3,4,14,13,19,18,3,7,0,2,3,2,17,18,0,0,2,0,500,465,10,12,73,122,38,74,,,,,,,D
8lO2mjfl,11.05.2019 15:00,Palermo,Cittadella,2,2,19,12,8,4,11,8,20,18,9,5,5,1,2,6,13,19,0,0,0,1,386,470,14,9,84,92,35,43,,,,,,,D
2BN6nA9f,11.05.2019 15:00,Perugia,Cremonese,3,1,18,10,8,5,10,5,12,14,6,0,4,1,4,5,11,11,0,0,2,1,600,319,34,4,78,84,56,22,,,,,,,H
xUFJq8gD,11.05.2019 15:00,Pescara,Salernitana,2,0,16,10,6,1,10,9,16,12,5,2,1,1,1,4,11,15,0,0,1,1,626,336,10,0,138,76,44,29,,,,,,,H
GERAoUO0,11.05.2019 15:00,Verona,Foggia,2,1,14,15,5,6,9,9,15,24,1,6,4,1,5,3,22,15,1,0,3,3,453,477,13,0,100,80,37,48,,,,,,,H
hGMVfY1E,06.05.2019 21:00,Foggia,Perugia,1,0,10,16,2,2,8,14,11,9,4,4,1,2,2,2,9,10,1,0,1,2,408,523,12,19,91,122,42,39,,,,,,,H
jixXZWPl,05.05.2019 21:00,Salernitana,Cosenza,1,2,13,14,5,6,8,8,16,16,0,6,3,1,4,4,13,15,0,0,0,1,432,508,7,0,134,114,76,52,,,,,,,A
x8vqXU97,05.05.2019 15:00,Benevento,Padova,3,3,24,13,10,7,14,6,12,17,10,5,3,1,4,7,15,11,0,0,1,2,596,311,13,2,136,83,63,35,,,,,,,D
8SnSzDAr,05.05.2019 15:00,Livorno,AC Carpi,1,0,14,17,7,4,7,13,23,15,13,5,2,1,4,6,15,20,0,0,3,4,418,336,6,15,109,106,71,57,,,,,,,H
bHuuYAf1,04.05.2019 18:00,Cittadella,Verona,3,0,16,13,6,3,10,10,18,20,12,2,4,4,3,3,16,14,0,1,1,6,516,449,4,7,117,96,58,34,,,,,,,H
vDIReEn8,04.05.2019 15:00,Ascoli,Palermo,1,2,7,16,2,3,5,13,21,25,4,3,7,3,1,1,19,18,0,0,1,4,419,450,15,8,113,89,38,36,,,,,,,A
nPt1ug2R,04.05.2019 15:00,Cremonese,Brescia,0,0,17,7,6,1,11,6,15,21,9,5,4,3,1,6,17,12,0,0,0,1,412,487,1,8,129,94,63,40,,,,,,,D
UsyyZjue,04.05.2019 15:00,Spezia,Crotone,2,0,9,8,3,2,6,6,22,20,3,6,5,1,2,1,16,21,0,0,1,3,460,521,8,6,94,114,47,42,,,,,,,H
nwMZghHK,04.05.2019 15:00,Venezia,Pescara,2,2,12,13,2,5,10,8,9,16,8,4,0,1,3,0,16,8,0,0,2,1,492,493,0,13,119,103,75,28,,,,,,,D
buMNRZXR,01.05.2019 18:00,Brescia,Ascoli,1,0,11,6,1,4,10,2,17,17,7,5,2,3,4,0,16,14,0,0,2,2,388,517,14,5,92,106,52,40,,,,,,,H
jwcbLXAe,01.05.2019 15:00,AC Carpi,Cremonese,1,2,18,18,6,7,12,11,16,13,9,7,4,0,5,5,9,16,0,0,0,1,267,564,14,0,98,110,47,33,,,,,,,A
h2sctZnL,01.05.2019 15:00,Cosenza,Venezia,1,1,11,8,2,1,9,7,15,11,5,4,0,1,0,1,11,14,0,0,1,4,450,583,8,2,96,103,51,17,,,,,,,D
UN8kNgtq,01.05.2019 15:00,Crotone,Benevento,1,0,5,24,2,6,3,18,24,16,5,11,1,9,6,1,16,16,1,0,3,3,274,517,2,11,58,123,34,68,,,,,,,H
dzllreI8,01.05.2019 15:00,Foggia,Salernitana,3,1,10,12,5,6,5,6,21,24,6,5,3,4,5,2,22,17,0,0,3,3,467,395,12,18,104,101,33,50,,,,,,,H
4t12KiQ1,01.05.2019 15:00,Padova,Lecce,2,1,9,10,4,2,5,8,19,18,4,6,2,2,1,2,16,17,0,0,5,3,353,581,12,24,70,146,25,72,,,,,,,H
8E7gMDek,01.05.2019 15:00,Perugia,Cittadella,0,0,15,11,5,2,10,9,23,23,10,4,6,1,2,5,19,21,1,0,2,2,402,453,15,16,86,126,45,41,,,,,,,D
Iqkpqy32,01.05.2019 15:00,Verona,Livorno,2,3,10,14,3,5,7,9,25,15,6,5,1,4,2,1,15,21,0,0,3,4,488,353,7,7,135,105,70,37,,,,,,,A
EBrgsFXE,01.05.2019 12:30,Palermo,Spezia,2,2,11,10,3,5,8,5,15,19,8,1,4,2,3,1,15,13,0,0,3,1,467,519,10,17,130,119,73,37,,,,,,,D
vB1EPRpp,28.04.2019 21:00,Lecce,Brescia,1,0,14,9,2,1,12,8,16,17,8,3,3,1,1,1,14,15,0,1,4,3,597,335,4,5,122,88,79,43,,,,,,,H
4IAnU7xT,28.04.2019 15:00,Cittadella,Ascoli,2,2,14,10,5,5,9,5,21,21,6,2,3,7,3,3,19,15,0,0,2,2,359,345,17,1,120,87,40,44,,,,,,,D
UaU6VHY2,28.04.2019 15:00,Cremonese,Foggia,1,0,17,5,9,3,8,2,12,19,13,3,0,3,3,8,19,9,0,0,3,2,428,457,6,16,111,84,58,27,,,,,,,H
KlNJSFIL,27.04.2019 18:00,Spezia,Perugia,1,1,10,2,5,2,5,0,17,9,4,2,0,1,1,4,9,15,0,0,2,2,525,514,,,126,120,44,63,,,,,,,D
xQXETe3F,27.04.2019 15:00,Livorno,Palermo,2,2,11,13,6,5,5,8,27,11,4,3,3,0,3,4,9,25,0,1,2,1,419,530,17,34,135,134,43,72,,,,,,,D
OMTAUyl9,27.04.2019 15:00,Pescara,Verona,1,1,8,17,1,7,7,10,20,27,4,4,4,2,6,0,24,17,0,0,4,3,377,551,8,7,78,133,35,58,,,,,,,D
YX0IOo0j,27.04.2019 15:00,Salernitana,AC Carpi,2,5,11,15,4,5,7,10,28,14,9,1,2,5,1,2,12,22,1,0,1,1,443,377,9,1,132,99,51,45,,,,,,,A
j9V2WcJd,27.04.2019 15:00,Venezia,Crotone,1,4,8,18,3,8,5,10,11,24,7,7,4,1,4,2,21,10,1,0,5,2,345,595,11,18,76,135,31,60,,,,,,,A
COaMN5Fd,26.04.2019 21:00,Benevento,Cosenza,4,2,16,8,10,7,6,1,16,21,5,4,4,2,5,6,17,14,0,0,2,2,496,368,8,12,97,106,26,35,,,,,,,H
zwJVXkw4,22.04.2019 21:00,AC Carpi,Pescara,0,0,16,10,6,4,10,6,9,20,5,6,1,2,4,6,19,9,0,0,2,3,401,622,9,8,124,114,46,65,,,,,,,D
MgLsVmNM,22.04.2019 21:00,Ascoli,Venezia,1,0,12,14,5,4,7,10,19,10,3,3,1,5,4,4,9,16,0,0,2,3,451,516,6,11,101,147,43,56,,,,,,,H
nHxyC8Gp,22.04.2019 21:00,Cittadella,Cremonese,1,3,11,9,3,7,8,2,17,16,8,4,3,1,4,2,13,16,0,0,4,2,595,249,15,1,143,86,97,39,,,,,,,A
r3MwWT7G,22.04.2019 21:00,Cosenza,Spezia,1,0,23,9,8,3,15,6,7,20,9,5,0,0,3,7,20,7,0,1,3,2,478,528,7,0,126,104,59,19,,,,,,,H
vBPMZB8i,22.04.2019 21:00,Foggia,Livorno,2,2,17,14,8,5,9,9,18,15,5,5,3,2,3,6,14,15,1,0,3,5,407,304,4,0,92,114,35,43,,,,,,,D
hETQYVNc,22.04.2019 21:00,Palermo,Padova,1,1,15,11,6,3,9,8,14,20,12,1,3,0,2,5,17,14,0,0,3,3,437,308,5,6,146,71,82,27,,,,,,,D
Q7yuBSVj,22.04.2019 21:00,Perugia,Lecce,1,2,6,8,3,5,3,3,8,22,10,5,1,0,3,2,21,8,0,0,3,1,554,444,8,0,144,90,60,30,,,,,,,A
ETHZW9hA,22.04.2019 18:00,Brescia,Salernitana,3,0,12,15,3,6,9,9,15,15,5,8,2,0,6,1,13,14,0,0,2,1,444,446,13,6,104,150,40,61,,,,,,,H
MLsFTznI,22.04.2019 15:00,Verona,Benevento,0,3,23,15,5,5,18,10,24,17,10,2,0,3,2,5,15,22,0,0,2,2,514,369,7,3,134,68,81,27,,,,,,,A
t2MuFyXO,15.04.2019 21:00,Livorno,Brescia,0,1,14,10,3,4,11,6,19,23,6,2,1,3,3,3,22,17,0,0,2,4,414,395,3,28,118,121,60,44,,,,,,,A
l8q7VdH5,14.04.2019 21:00,Benevento,Palermo,1,2,17,16,8,6,9,10,29,22,8,4,1,1,4,7,21,28,0,0,3,5,317,399,13,13,110,115,39,30,,,,,,,A
EkifYbXn,14.04.2019 15:00,Padova,Cosenza,0,0,15,16,4,5,11,11,11,22,3,7,1,0,5,4,21,11,0,0,2,1,403,546,15,5,106,136,29,68,,,,,,,D
URIyGHHI,14.04.2019 15:00,Spezia,Ascoli,3,2,19,9,9,5,10,4,14,20,4,2,3,1,3,6,17,14,0,2,2,2,567,312,7,2,118,119,69,24,,,,,,,H
z5u3Wx2a,13.04.2019 18:00,Venezia,Foggia,1,0,8,22,1,8,7,14,11,21,2,8,2,2,8,0,16,10,0,0,3,2,307,520,18,1,77,134,33,68,,,,,,,H
htjbXIng,13.04.2019 15:00,Crotone,Cremonese,0,0,9,8,2,4,7,4,18,23,6,5,5,5,4,2,18,12,0,0,2,3,676,320,11,12,139,102,61,33,,,,,,,D
r70OwL9P,13.04.2019 15:00,Lecce,AC Carpi,4,1,26,9,11,4,15,5,14,13,7,4,3,4,3,7,9,10,1,0,3,2,680,265,9,12,136,85,74,42,,,,,,,H
pGnjZvIt,13.04.2019 15:00,Salernitana,Cittadella,4,2,15,10,7,6,8,4,12,13,8,6,1,1,4,3,14,13,0,0,3,2,331,489,1,0,91,96,58,42,,,,,,,H
rVrBUGWB,12.04.2019 21:00,Pescara,Perugia,1,1,15,10,3,2,12,8,17,19,5,7,1,2,1,2,18,15,0,1,4,2,422,490,1,6,70,58,27,12,,,,,,,D
nuopQ1uQ,08.04.2019 21:00,Palermo,Verona,1,0,20,6,6,2,14,4,16,22,5,4,1,0,2,5,21,16,1,0,4,3,416,489,8,0,120,123,67,42,,,,,,,H
8lntRsQJ,07.04.2019 21:00,Cosenza,Crotone,1,0,11,3,5,1,6,2,22,19,5,7,4,7,1,4,15,16,1,1,2,3,312,581,16,5,81,128,59,93,,,,,,,H
vwQOIJXa,07.04.2019 15:00,Ascoli,Pescara,2,1,15,8,3,3,12,5,13,16,6,2,3,1,2,1,13,12,0,0,3,0,499,378,9,7,119,106,62,60,,,,,,,H
hMNCLLms,07.04.2019 15:00,Cremonese,Lecce,2,0,11,8,5,1,6,7,9,19,5,6,1,3,1,3,18,6,0,1,2,2,376,509,0,10,60,71,49,50,,,,,,,H
trbb2bmJ,06.04.2019 18:00,Perugia,Benevento,2,4,,,,,,,,,,,,,,,,,0,0,,,,,,,,,,,,,,,,,A
0nRKJaIg,06.04.2019 15:00,AC Carpi,Padova,2,1,13,14,3,8,10,6,20,16,4,8,1,1,7,1,15,19,0,0,2,3,349,425,23,12,127,109,53,51,,,,,,,H
6PRGKu3m,06.04.2019 15:00,Cittadella,Livorno,4,0,16,5,7,0,9,5,18,15,2,0,2,4,0,3,13,14,0,1,1,3,651,313,13,0,131,76,63,22,,,,,,,H
dEKTHwm6,06.04.2019 15:00,Foggia,Spezia,1,0,18,6,5,2,13,4,16,13,8,5,2,2,2,4,11,14,0,0,2,4,521,470,12,18,128,94,41,37,,,,,,,H
z5JXGc2C,05.04.2019 21:00,Brescia,Venezia,2,0,11,15,3,2,8,13,16,24,6,11,1,1,2,1,23,15,0,0,2,3,388,473,9,14,108,98,46,50,,,,,,,H
6P5o5030,03.04.2019 21:00,Pescara,Palermo,3,2,13,18,7,10,6,8,17,16,4,11,4,0,8,4,12,17,0,0,3,2,431,446,2,12,134,115,44,52,,,,,,,H
YB7w7MYm,03.04.2019 19:00,Lecce,Cosenza,3,1,13,12,6,4,7,8,13,13,5,3,5,0,3,3,8,11,0,0,,,579,371,,,102,101,52,34,,,,,,,H
ERQ6CrBQ,02.04.2019 21:00,Benevento,AC Carpi,3,1,13,10,3,2,10,8,19,13,5,5,1,2,1,0,12,17,0,0,1,1,439,329,10,5,123,122,46,40,,,,,,,H
KS9k4KI6,02.04.2019 21:00,Crotone,Perugia,2,0,5,8,3,2,2,6,21,15,6,5,0,9,2,1,14,15,0,0,2,1,468,531,3,0,102,114,46,44,,,,,,,H
C26s6tlf,02.04.2019 21:00,Livorno,Cremonese,1,3,14,14,7,8,7,6,11,22,7,4,6,0,5,6,15,10,0,0,3,4,528,323,4,0,138,117,82,55,,,,,,,A
MJ8aE4tE,02.04.2019 21:00,Padova,Ascoli,1,2,17,10,4,2,13,8,16,5,2,4,0,0,0,3,6,15,0,0,,,579,396,12,4,137,111,51,35,,,,,,,A
2iaf3vYC,02.04.2019 21:00,Spezia,Salernitana,2,1,15,6,3,1,12,5,18,10,1,6,0,4,0,1,10,14,0,0,1,2,648,328,5,9,117,119,46,40,,,,,,,H
GzDY72Js,02.04.2019 21:00,Venezia,Cittadella,1,1,3,12,1,3,2,9,16,22,6,6,4,0,2,0,18,16,0,0,1,1,311,580,32,11,86,140,45,81,,,,,,,D
K4R2DOeK,02.04.2019 21:00,Verona,Brescia,2,2,17,13,5,8,12,5,18,12,5,6,2,1,6,3,10,17,0,0,2,3,449,344,11,10,111,100,57,45,,,,,,,D
tOVCj1l7,31.03.2019 21:00,Lecce,Pescara,2,0,15,4,7,2,8,2,22,20,6,3,3,2,2,5,18,20,0,1,1,2,466,489,6,8,116,96,42,43,,,,,,,H
KjnUbPtR,30.03.2019 18:00,Brescia,Foggia,2,1,20,18,5,5,15,13,16,19,5,5,8,2,4,3,10,15,0,0,3,3,479,485,10,0,124,105,53,33,,,,,,,H
t0mQa5RK,30.03.2019 15:00,AC Carpi,Crotone,1,2,14,8,7,3,7,5,15,18,9,5,6,2,1,6,13,14,1,0,1,1,347,548,19,0,121,89,52,62,,,,,,,A
0lWS0oCE,30.03.2019 15:00,Ascoli,Benevento,2,2,6,7,2,3,4,4,28,26,3,3,5,2,1,0,23,27,0,2,7,6,223,424,7,1,71,109,46,36,,,,,,,D
YcS4hNJf,30.03.2019 15:00,Cittadella,Padova,1,1,13,8,8,4,5,4,12,21,9,3,3,3,3,7,18,12,0,1,2,4,460,300,19,0,137,88,70,36,,,,,,,D
ClR8isZ0,30.03.2019 15:00,Cosenza,Palermo,1,1,12,6,4,2,8,4,27,14,3,1,1,5,1,3,14,23,0,1,2,7,467,475,10,14,122,127,45,44,,,,,,,D
jZx0g34l,30.03.2019 15:00,Perugia,Livorno,3,1,16,10,8,2,8,8,19,19,5,4,1,3,2,5,18,17,0,0,3,2,444,372,3,9,104,110,39,40,,,,,,,H
KEUGkL3D,30.03.2019 15:00,Salernitana,Venezia,1,1,22,6,8,2,14,4,24,19,6,1,0,6,1,7,19,18,0,0,3,2,432,331,0,3,155,77,65,15,,,,,,,D
xWYefqkr,29.03.2019 21:00,Cremonese,Verona,1,1,5,2,4,2,1,0,15,22,5,3,2,1,1,3,20,14,0,0,4,2,331,638,6,0,59,71,63,60,,,,,,,D
tCHxds8d,23.03.2019 18:00,Lecce,Ascoli,7,0,16,7,9,4,7,3,11,12,4,1,2,2,4,2,10,10,0,0,2,1,723,371,19,13,99,73,45,35,,,,,,,H
CSkYv4ke,17.03.2019 21:00,Crotone,Lecce,2,2,9,13,5,5,4,8,21,17,8,2,1,9,3,3,16,12,0,0,1,2,471,455,2,13,132,87,62,34,55%,45%,,,,,D
pEZiaYzA,17.03.2019 15:00,Palermo,AC Carpi,4,1,15,6,12,2,3,4,23,16,7,1,1,1,1,8,14,22,0,2,2,6,453,344,9,15,129,97,52,35,,,,,,,H
YyiUupzk,17.03.2019 15:00,Venezia,Cremonese,1,1,5,10,1,3,4,7,19,19,3,3,1,1,2,0,16,18,0,0,3,0,523,287,4,0,129,109,53,52,,,,,,,D
YwWm0EL3,16.03.2019 18:00,Verona,Ascoli,1,1,9,7,2,4,7,3,16,24,8,3,3,1,3,1,20,14,1,0,3,3,504,343,6,13,123,68,52,26,,,,,,,D
McXO1Rd8,16.03.2019 15:00,Benevento,Spezia,2,3,18,9,9,3,9,6,15,18,10,5,0,1,1,7,18,16,1,0,4,4,443,360,4,8,129,69,51,29,,,,,,,A
SxPdbhjG,16.03.2019 15:00,Foggia,Cittadella,1,1,14,17,5,6,9,11,15,14,5,8,5,0,5,4,9,17,0,0,3,2,442,347,9,13,107,97,51,54,,,,,,,D
8fqswrK7,16.03.2019 15:00,Livorno,Salernitana,1,0,12,24,3,5,9,19,14,24,8,5,6,2,5,2,17,12,0,0,4,2,413,355,13,0,101,108,27,59,,,,,,,H
fiuwvO41,16.03.2019 15:00,Padova,Perugia,0,1,15,11,1,4,14,7,14,14,7,1,0,0,3,1,14,14,0,0,2,5,376,563,12,6,126,112,66,32,,,,,,,A
42nQtQKr,15.03.2019 21:00,Pescara,Cosenza,1,1,8,8,3,2,5,6,16,27,1,5,8,0,1,2,19,16,0,0,4,1,478,452,8,22,117,126,35,47,,,,,,,D
0QXu2zii,11.03.2019 21:00,Venezia,Palermo,1,1,6,8,2,4,4,4,24,16,1,3,1,1,3,1,10,15,0,0,1,1,239,389,8,7,86,118,26,56,,,,,,,D
WA9IpZLG,10.03.2019 21:00,Salernitana,Crotone,0,2,14,5,4,4,10,1,22,21,11,1,6,2,2,4,14,18,0,0,1,2,464,345,8,12,154,79,58,25,,,,,,,A
pIkgvXbp,10.03.2019 15:00,Ascoli,Livorno,1,1,16,8,4,2,12,6,23,20,11,3,2,2,1,3,17,21,0,0,4,4,386,385,8,1,108,115,68,31,,,,,,,D
bqdBnei4,10.03.2019 15:00,Cremonese,Benevento,1,0,7,10,2,0,5,10,15,22,1,3,4,4,0,1,20,13,1,0,4,1,349,412,7,16,119,118,38,43,,,,,,,H
O8lcwiEj,09.03.2019 18:00,Spezia,Padova,0,2,17,10,5,4,12,6,16,11,11,2,1,1,2,5,10,15,0,0,2,3,706,306,15,6,167,97,102,25,,,,,,,A
vHWq1f6c,09.03.2019 15:00,Cittadella,Pescara,4,1,21,10,8,4,13,6,17,18,5,4,0,4,3,4,21,16,0,0,4,3,416,291,5,1,94,97,60,51,,,,,,,H
hKAEoF6A,09.03.2019 15:00,Cosenza,Brescia,2,3,8,12,4,5,4,7,19,19,4,4,2,3,2,2,17,17,0,0,3,1,444,495,3,43,122,120,53,51,,,,,,,A
EZbNqgyN,09.03.2019 15:00,Lecce,Foggia,1,0,14,5,6,1,8,4,21,14,6,3,4,2,1,5,11,19,0,1,2,5,522,481,34,1,114,111,72,27,,,,,,,H
Sx3RrDjT,08.03.2019 21:00,Perugia,Verona,1,2,10,9,3,4,7,5,18,14,5,10,2,0,2,2,11,18,0,0,3,3,440,545,24,10,96,136,45,51,,,,,,,A
IPzxYexB,04.03.2019 21:00,Livorno,Benevento,2,0,9,5,4,3,5,2,23,30,2,7,5,1,3,2,24,22,0,1,1,4,390,379,21,4,99,103,38,43,,,,,,,H
Khc7myxb,03.03.2019 21:00,Verona,Venezia,1,0,14,12,6,2,8,10,13,15,9,2,4,5,2,5,11,8,0,0,2,2,505,360,7,11,115,122,62,30,,,,,,,H
OQ3bkc7o,03.03.2019 15:00,Perugia,Salernitana,3,1,18,14,8,6,10,8,20,20,7,3,1,1,5,5,19,19,1,0,4,4,395,403,8,0,83,138,35,39,,,,,,,H
xU72lHMi,03.03.2019 15:00,Pescara,Spezia,2,0,11,11,3,3,8,8,11,20,4,6,2,0,3,2,16,11,0,1,3,2,447,495,15,5,122,123,41,48,,,,,,,H
ANFGQDUp,02.03.2019 18:00,Palermo,Lecce,2,1,14,26,6,12,8,14,13,15,2,11,0,1,11,4,14,11,0,0,2,3,395,544,14,10,101,129,44,72,,,,,,,H
6kXXYyN4,02.03.2019 15:00,AC Carpi,Ascoli,1,1,13,16,6,3,7,13,19,29,5,3,7,2,2,5,21,17,0,1,2,3,352,440,14,16,121,104,61,34,,,,,,,D
CnztXFiH,02.03.2019 15:00,Brescia,Cittadella,0,1,12,17,3,7,9,10,27,16,2,5,7,0,6,3,8,26,0,0,3,4,478,370,23,16,147,101,61,53,,,,,,,A
8ETlVgMT,02.03.2019 15:00,Padova,Crotone,0,0,13,15,4,2,9,13,20,25,3,7,4,2,2,4,22,17,0,1,2,3,295,514,16,6,95,122,38,52,,,,,,,D
jwZqWZ6N,01.03.2019 21:00,Foggia,Cosenza,1,0,4,11,3,0,1,11,11,19,1,4,6,1,0,2,14,11,0,0,3,2,372,522,11,11,82,126,27,74,,,,,,,H
xAuHxKNu,27.02.2019 21:00,Spezia,Livorno,3,0,14,8,5,3,9,5,17,11,5,9,0,3,3,2,11,16,0,0,2,3,512,485,14,6,132,145,47,59,,,,,,,H
pzqPzbhh,27.02.2019 19:00,Venezia,Perugia,2,3,14,17,4,7,10,10,16,10,4,5,2,1,4,2,9,15,0,0,3,2,477,404,10,19,153,84,85,40,,,,,,,A
bqA6IGxO,26.02.2019 21:00,Ascoli,Foggia,2,2,9,4,3,4,6,0,18,15,3,4,2,1,2,1,13,17,0,0,4,4,298,596,8,9,77,133,42,48,,,,,,,D
QVBbKx8B,26.02.2019 21:00,Cosenza,AC Carpi,1,0,20,14,7,3,13,11,22,22,9,4,4,5,3,6,15,18,0,0,0,3,435,315,12,2,125,130,64,39,,,,,,,H
G0vLyvwn,26.02.2019 21:00,Crotone,Palermo,3,0,11,14,5,7,6,7,28,17,1,8,0,6,7,3,16,25,0,0,1,3,375,484,0,15,102,113,28,45,,,,,,,H
CnEAHzhU,26.02.2019 21:00,Lecce,Verona,2,1,9,15,6,6,3,9,12,15,4,4,2,0,5,4,14,10,0,0,2,2,457,537,14,17,96,127,50,42,,,,,,,H
pKf1LIh5,26.02.2019 21:00,Padova,Brescia,1,1,10,10,3,7,7,3,11,28,4,7,0,0,6,2,28,11,0,0,4,3,237,574,16,28,79,148,29,51,,,,,,,D
4MA2JdNH,26.02.2019 21:00,Salernitana,Cremonese,2,0,22,10,6,2,16,8,17,16,10,4,1,2,2,4,16,14,0,0,3,3,467,357,14,13,107,120,47,47,,,,,,,H
OQsTZH7b,26.02.2019 18:00,Benevento,Pescara,2,1,16,5,5,3,11,2,12,20,7,1,1,2,2,3,7,10,0,0,2,1,419,454,11,13,123,91,61,30,,,,,,,H
6TecMbwa,24.02.2019 21:00,Livorno,Venezia,1,0,19,7,6,4,13,3,15,14,4,5,2,2,4,5,13,13,0,0,2,3,444,392,0,20,139,116,78,38,,,,,,,H
40ZR6JwC,23.02.2019 18:00,Foggia,Benevento,1,1,10,14,6,8,4,6,14,17,3,1,1,0,7,5,15,17,1,0,2,5,316,497,3,17,81,151,25,69,,,,,,,D
C6dgNvOh,23.02.2019 15:00,AC Carpi,Spezia,3,2,13,13,8,7,5,6,14,21,7,12,4,4,5,5,17,10,0,0,2,2,338,439,18,6,105,124,59,65,,,,,,,H
QFNz5c8O,23.02.2019 15:00,Brescia,Crotone,2,0,15,5,7,0,8,5,24,30,5,4,6,0,0,5,23,24,0,1,4,2,388,488,10,17,84,115,60,39,,,,,,,H
EVGITtoP,23.02.2019 15:00,Cittadella,Lecce,4,1,18,9,6,4,12,5,20,26,9,4,1,7,3,2,22,12,0,0,2,0,451,429,2,6,127,105,74,23,,,,,,,H
6FGO7aO5,23.02.2019 15:00,Cremonese,Ascoli,0,1,8,12,0,4,8,8,14,20,7,1,5,1,3,0,14,13,1,0,2,3,443,391,11,4,123,118,67,28,,,,,,,A
nPOW5wgI,23.02.2019 15:00,Perugia,Cosenza,0,1,7,5,1,2,6,3,12,19,5,5,6,0,1,1,13,11,0,1,1,2,599,297,1,11,137,84,58,36,,,,,,,A
Gv3pP0gt,23.02.2019 15:00,Pescara,Padova,2,0,16,19,6,3,10,16,14,22,8,9,1,0,3,4,23,15,0,0,1,4,464,361,6,6,102,126,46,64,,,,,,,H
b3hkOK8n,22.02.2019 21:00,Verona,Salernitana,1,0,12,12,2,1,10,11,24,23,7,7,1,4,1,1,22,20,1,1,3,6,410,282,13,7,81,98,31,42,,,,,,,H
Y1IG9Lgg,18.02.2019 21:00,Crotone,Pescara,0,2,23,9,6,5,17,4,20,10,5,2,0,11,3,6,17,18,0,0,2,4,578,400,20,16,192,75,85,20,,,,,,,A
pv1vT9fE,17.02.2019 21:00,Spezia,Verona,1,2,12,14,3,7,9,7,22,17,5,2,2,2,5,2,15,20,0,0,2,3,396,442,9,19,131,111,50,40,,,,,,,A
S2WgLcy8,17.02.2019 15:00,Cosenza,Cremonese,2,0,12,6,6,2,6,4,16,13,6,1,3,0,2,4,8,17,1,1,4,2,463,338,41,4,117,101,54,26,,,,,,,H
xzP7BsPt,17.02.2019 15:00,Lecce,Livorno,3,2,16,9,7,6,9,3,19,12,6,3,2,0,4,4,7,20,0,2,3,4,515,299,2,0,120,78,52,32,,,,,,,H
ChHK8u9a,16.02.2019 18:00,Ascoli,Salernitana,2,4,18,15,6,8,12,7,14,20,4,7,2,2,4,4,15,14,1,0,4,4,395,385,15,0,104,103,50,50,,,,,,,A
GQNBA1vm,16.02.2019 15:00,AC Carpi,Perugia,0,1,17,7,4,2,13,5,11,23,8,2,2,5,1,4,18,8,0,0,1,2,392,437,9,16,146,108,70,18,,,,,,,A
lCXkMwM1,16.02.2019 15:00,Benevento,Cittadella,1,0,11,10,7,2,4,8,28,13,2,4,3,4,2,6,10,22,0,0,5,4,375,459,11,8,109,102,45,61,,,,,,,H
WzczUku8,16.02.2019 15:00,Padova,Foggia,1,1,12,7,3,4,9,3,17,22,5,8,1,1,4,2,21,16,0,0,2,1,390,541,11,9,151,97,49,22,,,,,,,D
tnYoNJ6e,15.02.2019 21:00,Palermo,Brescia,1,1,14,8,2,3,12,5,17,17,5,3,0,1,2,1,18,17,0,0,2,4,527,240,12,13,130,74,98,49,,,,,,,D
Acf3VsaF,11.02.2019 21:00,Venezia,Lecce,1,1,15,24,7,8,8,16,12,13,4,6,2,0,7,6,11,12,0,0,1,1,375,593,10,7,98,146,41,71,,,,,,,D
hMabWNq9,10.02.2019 21:00,Verona,Crotone,1,1,20,6,7,3,13,3,12,19,9,2,4,1,2,6,14,11,0,1,3,4,431,475,2,6,125,96,68,25,,,,,,,D
KWqwPuxq,10.02.2019 15:00,Foggia,Pescara,1,1,14,16,4,3,10,13,16,9,2,8,0,2,2,3,9,14,0,0,3,1,559,429,7,26,111,127,36,60,,,,,,,D
EV0fX3U2,10.02.2019 15:00,Livorno,Cosenza,2,0,13,15,4,2,9,13,15,24,2,8,6,3,2,2,18,12,0,1,4,2,362,409,8,5,97,104,35,55,,,,,,,H
0SCC8Ki2,09.02.2019 18:00,Brescia,AC Carpi,3,1,20,9,6,2,14,7,12,13,2,8,3,0,1,3,12,12,0,0,1,2,544,331,2,10,119,112,66,49,,,,,,,H
2eZsOaik,09.02.2019 15:00,Cittadella,Spezia,0,1,13,24,0,9,13,15,15,21,2,7,0,6,8,0,22,13,1,0,7,2,370,498,21,10,104,99,39,53,,,,,,,A
llg7U1EL,09.02.2019 15:00,Cremonese,Padova,0,0,17,8,6,2,11,6,19,25,5,1,2,2,2,6,20,17,0,1,2,3,538,265,36,7,134,100,85,26,,,,,,,D
rBhBTLTR,09.02.2019 15:00,Perugia,Palermo,1,2,19,12,9,4,10,8,23,17,10,4,1,2,2,8,16,22,0,0,3,2,483,305,19,20,150,81,60,18,,,,,,,A
lh9890xd,08.02.2019 21:00,Salernitana,Benevento,0,1,10,13,2,5,8,8,20,14,9,6,6,4,4,2,8,16,0,0,2,2,430,365,8,19,114,104,41,32,,,,,,,A
EVvPHOUF,04.02.2019 21:00,Palermo,Foggia,0,0,28,12,6,3,22,9,13,22,10,3,4,1,3,6,18,12,0,0,3,1,442,445,9,8,140,100,85,21,,,,,,,D
SExDKQpc,03.02.2019 21:00,Pescara,Brescia,1,5,22,14,8,7,14,7,20,13,9,2,1,2,2,7,12,18,0,0,3,2,553,334,31,5,119,112,61,44,,,,,,,A
6TJ3AtNk,03.02.2019 15:00,Benevento,Venezia,3,0,19,12,7,2,12,10,15,12,6,3,0,3,2,4,12,12,0,1,3,3,479,412,11,25,113,95,48,25,,,,,,,H
zoTXF2aS,03.02.2019 15:00,Crotone,Livorno,1,1,14,10,6,4,8,6,28,22,7,8,2,7,3,5,20,21,0,0,1,3,453,363,15,16,110,104,62,40,,,,,,,D
0SzLI4F9,02.02.2019 18:00,Spezia,Cremonese,2,0,12,17,4,5,8,12,17,14,6,6,2,0,5,2,12,16,0,0,1,2,407,449,12,22,108,120,38,65,,,,,,,H
dfUTGrpM,02.02.2019 15:00,AC Carpi,Verona,1,1,11,15,4,8,7,7,12,24,1,5,7,3,7,3,17,11,0,0,3,2,327,616,9,13,93,173,36,64,,,,,,,D
65yHJp03,02.02.2019 15:00,Cosenza,Cittadella,2,0,19,8,8,4,11,4,16,21,8,2,6,1,4,6,16,14,0,0,1,2,379,389,26,18,104,98,68,45,,,,,,,H
SxLaBM7q,02.02.2019 15:00,Padova,Salernitana,0,0,8,8,2,1,6,7,22,22,4,4,3,1,1,2,19,21,0,0,4,5,316,459,16,2,97,119,37,36,,,,,,,D
KYps77Gc,28.01.2019 21:00,Verona,Cosenza,2,2,13,5,11,3,2,2,13,16,7,7,1,1,1,9,15,12,0,0,2,4,507,345,14,18,118,124,50,43,,,,,,,D
2LIYdNhj,27.01.2019 18:00,Brescia,Spezia,4,4,21,11,7,4,14,7,16,20,6,4,2,1,0,3,18,15,0,0,1,3,426,353,4,10,155,102,116,46,,,,,,,D
8bJUc3wp,27.01.2019 15:00,Livorno,Pescara,0,0,26,5,8,0,18,5,17,22,9,2,2,2,0,8,20,15,0,0,1,2,453,403,9,27,84,97,82,52,,,,,,,D
ANwf450G,27.01.2019 15:00,Venezia,Padova,2,1,13,12,5,4,8,8,23,15,3,2,1,0,3,3,14,24,1,0,4,3,455,427,8,5,104,109,69,75,,,,,,,H
tlZk5ooA,26.01.2019 18:00,Salernitana,Lecce,1,2,12,13,2,6,10,7,18,16,3,4,4,3,4,1,10,17,0,0,1,2,467,472,12,5,122,118,38,45,,,,,,,A
WxS22qVS,26.01.2019 15:00,Ascoli,Perugia,0,3,18,7,5,3,13,4,30,19,9,1,2,3,1,5,18,27,0,0,3,4,368,370,16,16,108,90,59,21,,,,,,,A
8bsw8m1i,26.01.2019 15:00,Cittadella,AC Carpi,3,1,22,8,9,3,13,5,19,19,6,6,2,1,2,7,17,18,0,0,1,2,558,337,12,9,117,99,86,47,,,,,,,H
lExb3PFM,26.01.2019 15:00,Cremonese,Palermo,2,0,18,5,10,2,8,3,22,25,5,1,1,1,2,8,25,20,0,0,1,2,366,363,5,12,126,111,76,30,,,,,,,H
2czn6RV3,25.01.2019 21:00,Foggia,Crotone,0,2,24,14,5,5,19,9,20,13,2,4,3,0,3,5,10,22,0,0,1,3,586,372,5,8,145,62,57,32,,,,,,,A
fegeq4Oj,21.01.2019 21:00,Spezia,Venezia,1,1,31,4,12,3,19,1,15,14,11,3,1,1,2,11,13,13,0,0,1,2,660,329,3,5,130,78,92,37,,,,,,,D
2cEGjnWG,20.01.2019 21:00,Pescara,Cremonese,0,0,9,18,2,5,7,13,15,14,4,11,3,0,5,2,11,15,0,0,3,0,654,354,11,0,141,108,48,42,,,,,,,D
KEMafUWi,20.01.2019 15:00,Cosenza,Ascoli,0,0,15,13,4,3,11,10,10,25,6,3,2,1,3,4,23,11,0,0,3,0,426,376,22,13,121,111,47,38,,,,,,,D
zBCOlQ0T,20.01.2019 15:00,Padova,Verona,3,0,14,14,9,5,5,9,16,14,3,15,2,0,5,6,17,14,0,0,3,2,216,603,15,5,55,147,28,102,,,,,,,H
6VK7h814,19.01.2019 18:00,Perugia,Brescia,0,2,17,8,2,6,15,2,16,19,6,4,2,2,4,2,22,19,0,0,1,3,550,314,39,27,137,78,49,41,,,,,,,A
dKDKk6oN,19.01.2019 15:00,AC Carpi,Foggia,0,2,19,9,5,6,14,3,16,26,3,4,5,2,4,5,24,14,0,0,5,3,305,483,7,15,105,100,59,39,,,,,,,A
lfACiSGA,19.01.2019 15:00,Crotone,Cittadella,0,0,9,6,2,1,7,5,24,20,7,4,3,4,1,2,14,22,0,0,2,4,418,468,9,18,86,119,62,64,,,,,,,D
SvM3glnb,19.01.2019 15:00,Lecce,Benevento,1,1,20,13,7,4,13,9,17,16,6,3,0,3,3,6,17,15,0,0,2,3,474,381,2,12,109,89,64,36,,,,,,,D
G4fipp9p,18.01.2019 21:00,Palermo,Salernitana,1,2,11,12,7,6,4,6,17,21,5,3,3,2,4,6,17,15,0,0,3,2,460,370,13,14,137,105,54,31,,,,,,,A
vJqDWQvo,30.12.2018 21:00,Spezia,Lecce,1,1,10,15,4,4,6,11,10,16,2,6,2,3,3,3,14,8,0,0,3,4,411,591,5,10,92,155,49,75,,,,,,,D
YJHukZfC,30.12.2018 18:00,Livorno,Padova,1,1,11,8,6,5,5,3,12,14,7,8,1,1,4,5,13,11,0,0,3,3,508,378,13,3,131,108,52,32,,,,,,,D
4vQOhHem,30.12.2018 16:00,Benevento,Brescia,1,1,14,6,2,3,12,3,16,20,8,2,1,2,2,1,19,14,0,0,3,2,483,401,17,4,121,87,64,42,,,,,,,D
6g7Lgcts,30.12.2018 15:00,Ascoli,Crotone,3,2,20,13,6,7,14,6,20,12,5,7,3,2,5,3,9,19,1,0,4,2,433,377,12,5,122,92,40,40,,,,,,,H
b1PSiyBg,30.12.2018 15:00,Cittadella,Palermo,0,1,23,12,5,6,18,6,18,25,10,2,1,1,5,5,24,17,0,0,2,2,415,422,29,47,134,103,69,35,,,,,,,A
xhOWjeQa,30.12.2018 15:00,Cremonese,Perugia,4,0,12,18,6,7,6,11,24,9,3,2,1,1,7,2,8,23,0,0,2,3,326,507,16,8,81,115,48,53,,,,,,,H
StHqlgAI,30.12.2018 15:00,Salernitana,Pescara,2,4,15,14,3,7,12,7,17,15,3,4,2,0,3,1,13,17,0,0,2,2,473,386,8,9,113,98,36,42,,,,,,,A
tONeeAHo,30.12.2018 15:00,Venezia,AC Carpi,1,1,19,5,11,1,8,4,21,13,7,3,1,0,0,10,12,21,0,0,2,3,517,280,10,20,158,77,66,37,,,,,,,D
fTIyjFu6,30.12.2018 12:30,Foggia,Verona,2,2,17,11,8,5,9,6,10,19,7,2,1,3,3,6,20,13,0,0,4,5,318,331,,,97,68,53,19,,,,,,,D
4QpjvItf,27.12.2018 21:00,Cosenza,Salernitana,0,0,13,8,6,3,7,5,22,19,1,0,0,2,3,6,20,18,0,0,2,2,450,348,27,26,151,103,51,16,,,,,,,D
bmpfwxd0,27.12.2018 21:00,Crotone,Spezia,0,3,16,20,4,5,12,15,13,19,6,3,0,3,2,4,17,10,0,0,2,2,448,401,8,11,158,90,54,35,,,,,,,A
fFw3yGQC,27.12.2018 21:00,Padova,Benevento,0,1,15,22,2,7,13,15,21,16,4,3,0,4,6,2,14,16,0,0,1,4,330,439,10,14,106,153,50,90,,,,,,,A
Y5x7zztJ,27.12.2018 21:00,Palermo,Ascoli,3,0,16,16,5,1,11,15,6,14,7,3,1,0,1,2,13,6,0,0,1,1,450,460,16,37,103,100,61,49,,,,,,,H
MLVlaJIJ,27.12.2018 21:00,Perugia,Foggia,3,0,17,9,9,3,8,6,11,19,5,3,2,0,3,6,16,12,0,0,3,3,412,563,24,13,72,83,57,81,,,,,,,H
CjlbxdB6,27.12.2018 21:00,Verona,Cittadella,4,0,10,17,4,7,6,10,21,13,3,5,3,6,7,1,10,15,0,0,0,2,410,514,11,5,91,154,23,69,,,,,,,H
0CUhbwYP,27.12.2018 19:00,Pescara,Venezia,1,0,19,11,4,4,15,7,15,13,11,4,2,2,4,3,12,13,0,0,,,535,445,11,13,119,89,71,31,,,,,,,H
QZonubRm,26.12.2018 15:00,AC Carpi,Livorno,1,4,10,18,1,9,9,9,18,23,3,4,0,4,5,0,19,17,0,0,1,3,486,459,6,8,127,115,54,65,,,,,,,A
pOUltvCs,26.12.2018 15:00,Brescia,Cremonese,3,2,19,15,5,6,14,9,18,14,2,6,7,2,4,2,18,21,0,0,1,3,412,343,16,5,107,103,50,34,,,,,,,H
449FRvcl,23.12.2018 21:00,Benevento,Crotone,3,0,12,9,5,0,7,9,26,14,1,3,2,2,0,2,12,24,0,0,1,4,364,461,6,0,121,92,38,27,,,,,,,H
lhqJo0lK,23.12.2018 17:30,Spezia,Palermo,1,1,15,13,6,7,9,6,14,10,5,7,1,2,6,5,9,12,0,0,2,4,453,497,5,4,91,129,40,55,,,,,,,D
nTbKQbCf,23.12.2018 15:00,Cittadella,Perugia,2,2,19,3,5,2,14,1,13,14,13,2,0,5,0,3,13,10,0,0,5,2,524,370,22,15,138,68,95,25,,,,,,,D
fg2SOxs7,23.12.2018 15:00,Lecce,Padova,3,2,16,11,9,3,7,8,12,10,4,4,4,1,1,6,10,14,0,0,2,1,608,447,19,6,109,115,32,32,,,,,,,H
rFrNpK3Q,23.12.2018 15:00,Venezia,Cosenza,0,1,10,12,5,3,5,9,30,16,2,1,0,1,2,5,16,29,0,0,2,3,464,431,29,12,118,101,55,33,,,,,,,A
zkuFntZD,23.12.2018 12:30,Salernitana,Foggia,1,0,13,10,3,4,10,6,18,19,6,3,2,1,4,2,17,17,0,1,3,3,400,477,0,5,84,113,42,30,,,,,,,H
QJcOPIR0,22.12.2018 15:00,Cremonese,AC Carpi,1,2,23,10,4,8,19,2,19,16,13,1,2,1,6,3,14,18,0,1,1,3,473,267,11,17,136,74,78,33,,,,,,,A
Yq1WNddD,22.12.2018 15:00,Livorno,Verona,0,0,20,10,3,3,17,7,14,26,7,2,3,4,3,3,23,11,0,0,2,3,421,478,26,6,99,102,64,28,,,,,,,D
hU5BSKsr,21.12.2018 21:00,Ascoli,Brescia,1,1,15,12,5,5,10,7,19,16,2,3,1,2,4,4,14,18,0,0,2,3,440,445,15,23,109,105,46,25,,,,,,,D
vNPzZM4E,17.12.2018 21:00,Verona,Pescara,3,1,9,18,4,6,5,12,20,15,1,4,1,3,5,2,16,16,0,0,2,3,595,490,4,16,118,113,52,56,,,,,,,H
CApxELSl,16.12.2018 21:00,Brescia,Lecce,2,1,23,15,7,6,16,9,22,23,10,2,5,6,5,5,19,15,0,0,3,2,488,417,22,4,128,69,100,28,,,,,,,H
YPYpCac1,16.12.2018 17:00,Cosenza,Benevento,0,0,10,13,3,4,7,9,21,17,4,5,0,4,4,3,16,17,0,0,1,3,531,382,5,32,63,68,60,58,,,,,,,D
j1qtDure,16.12.2018 15:00,AC Carpi,Salernitana,3,2,12,28,4,12,8,16,17,16,4,8,2,3,10,1,19,15,0,0,3,2,352,468,18,19,96,136,54,59,,,,,,,H
nTxkBJC7,16.12.2018 15:00,Crotone,Venezia,1,1,12,8,3,4,9,4,5,21,4,5,0,1,3,2,22,8,0,0,4,3,588,391,4,16,119,92,64,39,,,,,,,D
IZVYE1Dr,15.12.2018 15:00,Ascoli,Cittadella,1,1,16,12,5,5,11,7,19,16,8,4,5,1,4,4,11,18,0,0,1,3,368,527,11,5,86,122,52,45,,,,,,,D
dbKuYtKK,15.12.2018 15:00,Palermo,Livorno,1,1,18,8,7,4,11,4,21,20,3,3,2,1,3,6,19,18,0,0,2,3,522,361,9,14,137,94,60,24,,,,,,,D
zkJqX0ZQ,15.12.2018 15:00,Perugia,Spezia,1,1,15,19,4,7,11,12,10,14,4,10,1,1,6,3,12,11,0,0,1,3,498,553,14,8,105,113,31,72,,,,,,,D
0WQWZ2k8,14.12.2018 21:00,Foggia,Cremonese,3,1,9,8,4,3,5,5,21,22,1,6,4,5,2,1,16,17,0,0,3,4,375,548,17,16,99,111,37,54,,,,,,,H
KbjbL3zF,10.12.2018 21:00,Salernitana,Brescia,1,3,11,28,2,9,9,19,13,15,5,5,2,0,6,1,14,13,0,0,2,0,448,435,19,19,119,129,37,48,,,,,,,A
Qu7e1rqq,09.12.2018 21:00,Benevento,Verona,0,1,13,14,2,8,11,6,25,18,8,5,2,4,7,2,16,21,1,1,3,5,377,498,7,2,95,106,51,27,,,,,,,A
xGAa02bk,09.12.2018 15:00,Cremonese,Cittadella,0,0,10,12,3,4,7,8,24,13,5,6,1,6,4,3,13,20,0,0,3,2,332,456,15,18,102,97,63,61,,,,,,,D
AT87btT1,09.12.2018 15:00,Livorno,Foggia,3,1,19,15,9,6,10,9,12,21,3,5,1,2,5,6,20,10,0,0,3,2,330,533,13,23,109,110,44,32,,,,,,,H
WxA3aMDe,08.12.2018 15:00,Lecce,Perugia,0,0,8,12,3,5,5,7,13,13,6,2,1,1,5,3,12,12,0,0,1,2,483,520,3,11,120,93,59,30,,,,,,,D
Y1f2KNkL,08.12.2018 15:00,Spezia,Cosenza,4,0,13,13,5,1,8,12,12,14,3,10,0,0,1,1,13,10,0,0,1,2,481,521,2,17,76,129,28,72,,,,,,,H
GQq7Js5R,08.12.2018 15:00,Venezia,Ascoli,1,0,13,8,8,2,5,6,26,19,3,2,4,5,2,7,15,20,0,1,3,4,418,507,18,12,122,103,39,35,,,,,,,H
nohjNP52,08.12.2018 12:30,Padova,Palermo,1,3,17,9,6,5,11,4,22,22,4,6,1,5,2,5,21,19,0,0,3,3,356,440,7,11,90,102,40,45,,,,,,,A
QyifMqL8,07.12.2018 21:00,Pescara,AC Carpi,2,0,19,12,3,5,16,7,15,18,8,3,3,2,5,2,14,13,0,0,1,2,526,265,7,13,135,92,54,51,,,,,,,H
xIkJKWq4,03.12.2018 21:00,Foggia,Venezia,1,1,10,23,3,6,7,17,21,15,1,5,2,2,5,3,14,19,0,0,2,3,566,372,2,4,132,109,45,32,,,,,,,D
prgRIAEG,02.12.2018 21:00,Perugia,Pescara,2,1,14,16,7,4,7,12,12,10,3,7,4,1,3,5,8,10,0,0,1,0,524,506,15,28,22,15,18,27,,,,,,,H
ld9ObkNp,02.12.2018 15:00,AC Carpi,Lecce,0,1,8,8,1,3,7,5,12,21,2,6,3,4,2,1,20,11,0,0,4,3,340,537,11,18,96,107,56,38,,,,,,,A
nmNd3VET,02.12.2018 15:00,Brescia,Livorno,2,0,9,11,6,3,3,8,15,19,4,6,4,0,3,4,15,15,1,0,3,2,373,497,5,10,112,133,39,57,,,,,,,H
6y6a4BaN,01.12.2018 18:00,Ascoli,Spezia,3,1,6,16,4,4,2,12,16,15,2,9,1,5,3,1,12,16,1,1,5,1,236,525,11,25,81,135,24,67,,,,,,,H
2ac6NYao,01.12.2018 15:00,Cittadella,Salernitana,3,1,14,9,9,6,5,3,12,17,7,2,0,4,5,6,17,12,0,0,3,1,478,343,14,13,132,91,57,34,,,,,,,H
G21AMhFi,01.12.2018 15:00,Cosenza,Padova,2,1,21,6,8,2,13,4,16,16,8,1,1,1,1,6,17,17,0,1,3,1,542,296,0,15,120,63,80,41,,,,,,,H
bRjFLCUc,01.12.2018 15:00,Cremonese,Crotone,1,0,15,7,2,2,13,5,13,12,6,2,3,2,2,1,12,13,0,1,2,3,481,408,10,1,126,83,60,37,,,,,,,H
6ifNJjaA,30.11.2018 21:00,Palermo,Benevento,0,0,11,17,2,2,9,15,13,20,5,5,1,0,2,2,18,13,0,0,3,2,446,456,16,34,118,125,62,31,,,,,,,D
UomGDXMU,26.11.2018 21:00,Crotone,Cosenza,0,1,14,9,4,1,10,8,16,23,2,9,4,2,1,4,20,15,1,1,4,5,465,392,26,11,115,96,48,43,,,,,,,A
UVAzAFVo,25.11.2018 21:00,Lecce,Cremonese,2,0,14,12,5,4,9,8,18,14,9,2,1,0,4,3,13,17,0,0,1,2,525,404,12,9,101,110,59,59,,,,,,,H
KK3m7DF4,25.11.2018 15:00,Pescara,Ascoli,1,1,13,16,6,4,7,12,11,20,5,6,1,0,3,5,19,12,0,1,5,3,461,350,16,13,91,104,43,37,,,,,,,D
YN7i6XUA,25.11.2018 15:00,Spezia,Foggia,0,0,19,9,6,2,13,7,15,20,10,5,3,3,2,6,16,10,0,1,2,5,414,380,11,21,102,86,60,22,,,,,,,D
W0UCED7O,24.11.2018 18:00,Benevento,Perugia,2,1,25,7,9,2,16,5,16,14,3,1,0,2,1,7,14,14,0,1,2,2,397,450,12,7,126,109,61,33,,,,,,,H
b5Fv9Zph,24.11.2018 15:00,Livorno,Cittadella,0,0,17,10,4,2,13,8,13,13,8,4,5,0,2,4,13,14,0,1,0,5,387,489,7,9,102,107,60,48,,,,,,,D
xdEr8g0b,24.11.2018 15:00,Padova,AC Carpi,0,1,17,6,1,1,16,5,25,13,4,7,1,4,0,1,12,21,1,0,1,4,519,264,6,5,137,99,59,39,,,,,,,A
Sp7e5ipH,24.11.2018 15:00,Venezia,Brescia,2,1,7,18,5,8,2,10,24,11,6,6,3,4,7,3,8,20,1,0,2,4,271,558,13,21,84,138,19,80,,,,,,,H
juCWAeGu,23.11.2018 21:00,Verona,Palermo,1,1,8,18,2,5,6,13,16,14,4,7,1,0,4,1,13,16,0,0,1,1,405,548,3,16,104,136,27,70,,,,,,,D
8beilHgJ,18.11.2018 15:00,Spezia,Benevento,3,1,12,18,6,6,6,12,15,18,3,4,2,1,5,3,18,14,0,0,3,3,430,510,5,6,98,134,54,45,,,323,409,,,H
tCy0HFN5,11.11.2018 21:00,Palermo,Pescara,3,0,17,14,5,5,12,9,12,12,3,11,0,1,5,3,11,12,0,0,2,2,352,535,17,5,101,126,46,65,,,,,,,H
ANcHPwGP,11.11.2018 15:00,Brescia,Verona,4,2,18,9,5,3,13,6,14,17,3,3,1,0,1,1,16,15,0,0,4,2,416,431,18,5,106,103,59,28,,,,,,,H
feZmKHwm,11.11.2018 15:00,Cittadella,Venezia,3,2,20,2,9,1,11,1,17,22,13,3,1,2,0,6,21,15,0,0,5,3,555,257,10,11,127,66,81,23,,,,,,,H
8bwhJygg,10.11.2018 18:00,Cosenza,Lecce,2,3,12,14,6,5,6,9,2,6,9,5,2,3,2,4,13,9,0,0,3,2,539,399,20,13,135,86,74,32,,,,,,,A
CWqqLcOt,10.11.2018 15:00,AC Carpi,Benevento,2,2,15,18,5,6,10,12,15,15,6,6,5,0,5,4,11,14,0,0,4,4,317,457,28,28,87,111,50,56,,,,,,,D
rH9Z0fwP,10.11.2018 15:00,Ascoli,Padova,2,3,13,11,9,5,4,6,19,14,5,4,0,2,2,7,14,17,0,0,4,2,389,401,15,9,105,101,44,55,,,,,,,A
2LxdIe8a,10.11.2018 15:00,Cremonese,Livorno,1,0,10,15,4,4,6,11,13,10,12,3,3,3,4,3,7,13,0,0,1,3,418,449,11,25,107,110,66,43,,,,,,,H
xvV8FghI,10.11.2018 15:00,Salernitana,Spezia,1,0,4,10,4,8,0,2,20,26,4,10,2,1,8,3,24,20,0,1,1,2,308,525,5,10,91,112,26,63,,,,,,,H
bmW4GZxC,09.11.2018 21:00,Perugia,Crotone,2,1,13,12,5,4,8,8,14,18,5,7,5,3,3,3,15,10,0,0,2,2,450,601,28,12,73,136,24,54,,,,,,,H
M1LQ2G8C,05.11.2018 21:00,Pescara,Lecce,4,2,12,19,4,7,8,12,16,22,3,5,2,1,5,0,20,14,0,2,4,4,453,457,11,18,80,115,48,44,,,,,,,H
zoJE5IOg,04.11.2018 21:00,Livorno,Perugia,2,3,12,11,6,7,6,4,25,18,6,2,2,4,4,4,15,22,1,0,5,3,329,481,5,7,107,94,54,47,,,,,,,A
MwwvCKoQ,04.11.2018 15:00,Crotone,AC Carpi,1,1,17,8,7,5,10,3,19,16,7,4,0,4,4,6,17,18,1,1,4,2,630,275,10,24,133,84,46,42,,,,,,,D
4QAV1zOI,04.11.2018 15:00,Venezia,Salernitana,1,0,8,10,2,3,6,7,21,15,5,2,2,1,3,1,13,21,0,0,3,3,442,511,12,3,81,122,43,29,,,,,,,H
A3ZZC0WJ,03.11.2018 18:00,Benevento,Ascoli,1,2,15,11,10,3,5,8,22,18,11,1,0,0,1,9,17,20,0,0,1,4,519,216,4,10,107,83,62,20,,,,,,,A
vJP57vfs,03.11.2018 15:00,Foggia,Brescia,2,2,16,18,6,8,10,10,21,14,4,12,1,7,6,4,12,14,1,0,3,3,410,386,23,7,84,112,27,44,,,,,,,D
EyII4xv0,03.11.2018 15:00,Padova,Cittadella,0,0,18,16,6,5,12,11,32,15,4,8,0,2,5,6,16,28,0,0,3,6,341,383,13,16,100,114,32,62,,,,,,,D
8bHM3dg6,03.11.2018 15:00,Palermo,Cosenza,2,1,18,11,4,2,14,9,13,16,4,3,3,0,1,2,13,13,0,1,4,3,525,333,12,25,178,72,58,32,,,,,,,H
I9O96b9m,02.11.2018 21:00,Verona,Cremonese,1,1,8,12,4,2,4,10,18,17,4,7,2,3,1,3,15,15,0,0,3,3,514,380,8,11,110,72,48,39,,,,,,,D
MsguiJ90,31.10.2018 21:00,Lecce,Crotone,1,0,17,17,5,9,12,8,13,16,4,8,6,2,9,4,10,11,0,0,2,1,398,472,8,11,99,118,35,58,47%,53%,,,,,H
U7dmkcvD,31.10.2018 19:00,Salernitana,Livorno,3,1,14,11,6,2,8,9,20,10,6,4,3,2,1,3,8,18,0,0,2,3,395,446,8,19,114,93,40,37,51%,49%,,,,,H
fTxaBmeF,30.10.2018 21:00,AC Carpi,Palermo,0,3,7,22,0,5,7,17,18,27,3,4,4,2,2,0,22,16,1,1,3,3,278,601,17,10,82,151,35,71,,,,,,,A
S662CTu9,30.10.2018 21:00,Ascoli,Verona,1,0,14,7,4,0,10,7,31,23,6,5,3,8,0,3,20,22,0,0,3,2,401,502,20,8,97,123,35,47,,,,,,,H
Wh0SgLPs,30.10.2018 21:00,Cittadella,Foggia,1,1,12,12,4,4,8,8,15,33,5,5,9,0,3,3,26,14,1,0,4,1,339,395,29,21,118,84,48,29,,,,,,,D
QFaWhuul,30.10.2018 21:00,Cosenza,Pescara,1,1,11,19,4,4,7,15,20,10,1,5,1,1,3,3,10,18,0,0,2,3,386,539,13,15,110,114,44,42,,,,,,,D
vJ3zhaff,30.10.2018 21:00,Cremonese,Venezia,0,1,6,7,3,2,3,5,7,17,1,4,0,2,1,3,16,5,0,0,1,0,500,522,12,24,110,112,60,64,,,,,,,A
0YiqjwP6,30.10.2018 21:00,Perugia,Padova,3,2,20,11,7,7,13,4,8,8,7,5,3,4,5,4,8,15,0,0,2,4,424,415,13,13,86,91,40,29,53%,47%,,,,,H
UBzYdltM,28.10.2018 21:00,Crotone,Salernitana,1,1,12,12,3,2,9,10,17,13,6,11,1,5,1,2,0,0,0,0,0,2,466,296,4,21,110,65,55,24,,,,,,,D
0fR3iS3q,27.10.2018 18:00,Verona,Perugia,2,1,14,11,6,8,8,3,19,15,9,5,1,5,7,4,14,14,0,0,1,1,420,417,27,3,94,91,64,19,,,,,,,H
zDsPbAB9,27.10.2018 15:00,Benevento,Cremonese,2,1,11,5,7,2,4,3,16,14,8,6,0,3,1,5,14,13,0,0,4,4,421,464,16,6,36,29,16,15,,,,,,,H
nmoTcUQF,27.10.2018 15:00,Brescia,Cosenza,1,0,11,7,5,6,6,1,18,18,5,7,1,2,6,4,16,17,0,0,3,3,369,445,28,35,90,101,52,56,,,,,,,H
82Zyd8eS,27.10.2018 15:00,Foggia,Lecce,2,2,15,12,5,6,10,6,23,12,1,4,2,7,4,3,11,16,0,0,2,0,518,442,11,8,94,93,31,41,,,,,,,D
voQ7jnJk,27.10.2018 15:00,Livorno,Ascoli,1,0,16,17,6,4,10,13,13,15,6,10,2,1,4,5,13,12,0,0,2,2,321,367,12,0,83,101,39,1777,,,,,,,H
M9FCk6Ye,27.10.2018 15:00,Padova,Spezia,0,0,9,10,2,2,7,8,16,15,4,3,2,0,2,2,13,16,0,0,3,2,368,657,7,11,108,118,24,32,,,,,,,D
lG7bD9Q2,27.10.2018 15:00,Pescara,Cittadella,0,1,9,16,2,6,7,10,24,21,4,6,6,4,5,2,15,20,0,0,3,3,435,421,16,19,89,101,33,60,,,,,,,A
zDJGlQm2,26.10.2018 21:00,Palermo,Venezia,1,1,25,7,8,2,17,5,18,21,5,6,2,0,1,7,19,18,1,0,4,2,439,385,3,8,110,83,63,38,,,,,,,D
fgMkpBdG,22.10.2018 21:00,Benevento,Livorno,1,0,14,7,6,3,8,4,27,14,12,1,2,5,3,5,12,21,0,0,2,4,417,396,6,15,126,97,57,22,,,,,,,H
ni1UxTlj,21.10.2018 21:00,Lecce,Palermo,1,2,11,11,4,4,7,7,25,18,6,3,1,2,2,3,16,23,0,0,1,4,401,353,16,10,117,112,45,39,,,,,,,A
Qs0Yym4d,21.10.2018 15:00,Salernitana,Perugia,2,1,13,16,6,6,7,10,16,12,5,5,1,2,5,4,12,14,0,1,3,2,341,450,23,4,99,107,47,59,,,,,,,H
tjrLajd3,21.10.2018 15:00,Venezia,Verona,1,1,16,12,6,5,10,7,12,19,5,4,5,1,4,5,17,10,0,0,1,3,457,536,12,5,80,121,62,46,,,,,,,D
hU1Qw9Zq,20.10.2018 18:00,Crotone,Padova,2,1,17,15,3,6,14,9,15,19,3,1,3,1,5,1,16,15,0,1,1,3,474,448,4,11,133,78,48,35,,,,,,,H
nTMooisA,20.10.2018 15:00,Ascoli,AC Carpi,1,0,13,12,8,5,5,7,31,19,5,4,1,3,5,7,18,27,0,0,5,5,340,281,21,18,102,99,26,37,,,,,,,H
YqLgqVBM,20.10.2018 15:00,Cittadella,Brescia,2,2,16,14,3,4,13,10,18,29,6,3,4,4,2,1,25,14,0,0,3,4,392,397,13,10,120,93,66,21,,,,,,,D
G8AbrkRS,20.10.2018 15:00,Cosenza,Foggia,2,0,13,10,5,3,8,7,12,22,6,9,4,3,3,3,18,9,0,0,2,3,259,496,20,26,78,109,49,50,,,,,,,H
2aqH0Wtc,19.10.2018 21:00,Spezia,Pescara,1,3,20,10,5,4,15,6,19,15,10,4,1,4,1,4,14,16,0,0,1,3,499,359,8,11,138,77,68,30,,,,,,,A
CAUYmgci,07.10.2018 21:00,Palermo,Crotone,1,0,24,6,4,2,20,4,16,22,3,1,6,1,2,3,16,15,0,0,3,1,472,440,18,12,106,107,53,34,,,,,,,H
8Or9XXCA,07.10.2018 15:00,Brescia,Padova,4,1,16,11,6,1,10,10,11,25,8,6,8,0,0,2,18,11,0,0,2,1,500,385,18,11,104,86,51,28,59%,41%,,,,,H
b7tiP9Kj,07.10.2018 15:00,Livorno,Spezia,1,3,12,13,6,6,6,7,20,17,0,5,1,2,3,5,16,18,1,0,2,4,528,439,11,27,159,78,53,30,,,,,,,A
QDYxmDCc,06.10.2018 18:00,Perugia,Venezia,1,0,14,9,5,3,9,6,25,24,3,7,1,2,3,4,23,22,0,1,3,4,436,424,11,8,64,53,65,61,,,,,,,H
691CWiSG,06.10.2018 15:00,AC Carpi,Cosenza,1,1,8,20,7,6,1,14,20,25,0,9,4,0,5,6,22,19,0,0,1,2,317,512,1,31,85,109,37,61,,,,,,,D
0W0GVBsN,06.10.2018 15:00,Cremonese,Salernitana,0,0,9,8,3,1,6,7,19,14,9,2,0,4,1,3,14,15,0,1,0,3,424,341,6,19,127,98,69,32,,,,,,,D
vNaKUVdT,06.10.2018 15:00,Foggia,Ascoli,3,2,12,19,6,4,6,15,26,19,0,6,0,6,2,3,19,20,0,0,3,2,434,400,16,16,72,107,21,40,,,,,,,H
8xOsnXR3,06.10.2018 15:00,Pescara,Benevento,2,1,12,7,6,1,6,6,20,16,5,2,0,0,0,4,16,20,0,0,3,3,291,551,13,11,101,135,44,39,,,,,,,H
KGsmQk5p,05.10.2018 21:00,Verona,Lecce,0,2,23,13,4,8,19,5,15,13,14,4,3,2,6,4,10,14,0,0,3,4,597,340,8,25,139,74,63,36,,,,,,,A
vqihyGDo,02.10.2018 17:30,Padova,Pescara,2,2,12,9,5,3,7,6,15,15,7,2,0,0,1,3,15,15,0,0,3,2,433,533,13,12,104,107,42,31,,,,,,,D
S4NZIYcH,30.09.2018 21:00,Benevento,Foggia,1,3,12,6,4,4,8,2,15,21,4,2,5,3,1,3,16,12,0,0,3,4,493,410,1,16,115,89,62,29,,,,,,,A
ng6xKErB,30.09.2018 15:00,Ascoli,Cremonese,0,0,7,9,5,2,2,7,17,17,3,6,3,3,2,5,14,15,0,0,3,1,427,418,13,6,116,115,44,48,,,,,,,D
6eMwIhDN,30.09.2018 15:00,Cosenza,Perugia,1,1,8,10,3,4,5,6,19,20,4,2,4,2,3,2,16,17,0,0,2,2,379,433,24,6,106,145,27,24,,,,,,,D
Qag4YDc4,29.09.2018 18:00,Venezia,Livorno,1,1,7,8,5,3,2,5,19,26,7,8,3,2,2,4,21,17,0,0,3,2,432,345,6,14,89,110,66,27,,,,,,,D
xvD9CWzo,29.09.2018 15:00,Lecce,Cittadella,1,1,4,8,4,8,0,0,19,12,1,6,5,4,7,3,8,16,0,0,3,2,313,405,7,0,51,73,29,54,,,,,,,D
IZkdzzTi,29.09.2018 15:00,Salernitana,Verona,1,0,8,10,1,7,7,3,18,24,5,5,3,1,7,0,21,16,0,0,3,3,278,480,6,11,60,62,26,38,,,,,,,H
n9f0Zgrb,29.09.2018 15:00,Spezia,AC Carpi,2,1,16,8,5,2,11,6,21,17,7,6,1,1,1,3,16,20,0,0,1,3,608,201,9,14,148,64,65,23,,,,,,,H
0ILsHCST,28.09.2018 21:00,Crotone,Brescia,2,2,20,14,5,2,15,12,24,11,6,3,1,3,0,3,10,21,1,0,1,2,467,396,4,13,115,88,50,38,,,,,,,D
hYcAGuxJ,26.09.2018 21:00,Foggia,Padova,2,1,18,4,10,1,8,3,25,30,4,2,4,4,0,8,26,21,0,0,3,3,441,286,12,8,120,77,40,26,,,,,,,H
Esa6HLMC,26.09.2018 19:00,Cremonese,Cosenza,2,0,7,11,4,3,3,8,13,17,3,5,2,0,3,2,14,13,0,0,1,1,372,425,7,13,104,111,42,48,,,,,,,H
Kr6cJsh0,25.09.2018 21:00,Brescia,Palermo,2,1,12,8,6,5,6,3,12,22,7,2,3,1,4,4,19,11,0,0,3,1,319,473,4,15,109,125,44,37,,,,,,,H
WI91I176,25.09.2018 21:00,Cittadella,Benevento,0,1,10,9,1,3,9,6,15,25,5,6,1,0,2,1,24,15,0,0,2,2,109,110,3,5,118,107,54,45,,,,,,,A
IDELNdqn,25.09.2018 21:00,Livorno,Lecce,0,3,7,8,0,5,7,3,16,17,8,6,4,0,2,0,13,16,0,0,2,2,,,,,102,134,44,39,,,,,,,A
0x4QMGbh,25.09.2018 21:00,Perugia,AC Carpi,0,1,10,14,2,2,8,12,19,16,3,6,3,4,1,2,13,15,0,0,1,1,504,261,9,6,138,87,56,31,,,,,,,A
Eu8ULzEb,25.09.2018 21:00,Pescara,Crotone,2,1,3,8,2,2,1,6,14,21,6,6,1,0,1,0,16,14,0,0,1,3,,,,,85,152,34,38,,,,,,,H
827YKfT4,25.09.2018 21:00,Salernitana,Ascoli,1,1,13,6,3,1,10,5,17,19,4,3,3,0,0,2,17,17,0,0,2,3,48,28,,,98,97,39,39,,,,,,,D
vNFHOxUu,25.09.2018 21:00,Verona,Spezia,2,1,6,5,5,2,1,3,21,20,4,1,1,1,1,3,18,20,0,0,1,3,,,,,153,103,40,33,,,,,,,H
SpRIQPaQ,23.09.2018 21:00,Padova,Cremonese,1,1,4,13,1,5,3,8,13,15,3,14,2,1,4,0,10,9,0,0,2,1,,,2,6,82,129,31,80,,,,,,,D
IFqS32hD,22.09.2018 18:00,Cosenza,Livorno,1,1,13,10,3,3,10,7,18,14,7,2,2,3,2,2,12,17,0,0,1,3,216,301,1,17,128,98,65,43,,,,,,,D
vPpO4rw7,22.09.2018 15:00,AC Carpi,Brescia,1,1,9,10,3,2,6,8,16,22,5,3,5,3,1,2,17,13,0,0,0,2,257,325,11,4,101,107,48,42,,,,,,,D
KKNASoVD,22.09.2018 15:00,Crotone,Verona,1,2,10,11,3,4,7,7,15,15,7,5,,,2,2,11,13,0,0,2,3,,,,,98,91,43,33,,,,,,,A
YNRER5pK,22.09.2018 15:00,Lecce,Venezia,2,1,8,4,4,2,4,2,17,27,4,1,6,2,1,2,22,15,0,0,2,2,,,,,125,93,43,31,,,,,,,H
UgDpMq8s,22.09.2018 15:00,Palermo,Perugia,4,1,10,13,6,5,4,8,0,1,4,4,3,3,4,2,,,0,0,1,2,459,417,10,6,96,94,28,30,,,,,,,H
nV7kL3Nm,22.09.2018 15:00,Pescara,Foggia,1,0,14,21,3,3,11,18,10,15,3,4,3,1,3,2,11,9,0,0,4,2,315,449,15,13,87,103,28,44,,,,,,,H
QL6gKNxf,22.09.2018 15:00,Spezia,Cittadella,1,0,16,8,6,0,10,8,18,19,4,6,2,1,0,5,17,17,0,1,2,3,159,321,0,6,92,101,29,40,45%,55%,,,,,H
plWK5ON0,21.09.2018 21:00,Benevento,Salernitana,4,0,17,8,9,5,8,3,16,20,8,2,0,1,5,5,20,15,0,0,3,3,406,308,14,12,124,94,35,25,57%,43%,,,,,H
AVw88Qwr,17.09.2018 21:00,Livorno,Crotone,0,1,8,13,3,3,5,10,10,12,5,5,0,1,2,3,12,9,0,0,2,2,290,521,1,8,93,118,44,45,,,,,,,A
EahxEnGK,16.09.2018 21:00,Foggia,Palermo,1,2,,,,,,,,,,,,,,,,,0,0,,,,,,,,,,,,,,,,,A
OYsC7pgl,16.09.2018 15:00,Salernitana,Padova,3,0,16,7,8,3,8,4,2,4,5,4,0,1,3,5,4,2,0,0,3,2,280,419,15,2,35,39,17,16,,,,,,,H
hjitD6VQ,16.09.2018 15:00,Verona,AC Carpi,4,1,12,11,7,3,5,8,7,5,4,3,2,5,2,3,4,4,0,0,2,2,518,287,2,3,60,56,14,25,,,,,,,H
dOcXES0E,15.09.2018 18:00,Cremonese,Spezia,2,0,5,9,2,3,3,6,24,17,3,5,1,3,3,0,16,21,0,0,1,2,,,,,66,121,35,85,,,,,,,H
hf7sh5g1,15.09.2018 15:00,Ascoli,Lecce,1,0,8,8,3,3,5,5,20,24,2,6,2,3,3,2,37,15,0,0,3,2,306,474,2,9,87,114,30,51,,,,,,,H
4UAoiP87,15.09.2018 15:00,Brescia,Pescara,1,1,6,13,3,6,3,7,10,16,5,4,1,0,5,2,14,9,0,0,3,2,462,302,0,5,85,78,51,47,54%,46%,,,,,D
IXbTF8o8,15.09.2018 15:00,Cittadella,Cosenza,2,0,10,4,2,0,8,4,16,16,7,0,1,7,0,0,15,10,0,0,2,4,383,255,4,1,61,37,52,24,64%,36%,,,,,H
6cXG648f,14.09.2018 21:00,Venezia,Benevento,2,3,16,11,9,5,7,6,21,22,5,2,5,1,2,7,17,20,0,0,2,3,267,341,7,12,97,96,44,47,,,,,,,A
A7Zk2kH8,02.09.2018 21:00,Crotone,Foggia,4,1,15,13,9,4,6,9,0,0,7,4,1,4,3,5,0,0,0,0,1,1,444,438,10,5,91,100,49,35,53%,47%,,,,,H
4UYg19WE,02.09.2018 21:00,Lecce,Salernitana,2,2,12,9,5,3,7,6,27,21,5,2,1,1,1,3,20,26,0,0,2,3,380,366,6,10,95,96,39,45,54%,46%,,,,,D
25EUf79r,02.09.2018 21:00,Perugia,Ascoli,2,0,13,12,4,4,9,8,11,16,5,5,2,3,4,2,14,8,1,0,2,1,339,478,27,9,80,116,43,45,44%,56%,,,,,H
WvJYgROl,02.09.2018 18:00,Pescara,Livorno,2,1,18,18,3,5,15,13,13,15,7,11,2,1,4,2,13,12,0,0,3,1,471,337,17,4,104,95,42,46,53%,47%,,,,,H
UerDfwb2,01.09.2018 18:00,AC Carpi,Cittadella,0,1,4,4,4,4,0,0,18,22,6,6,2,2,3,4,0,0,0,0,4,4,298,452,17,7,83,99,41,42,,,,,30,0,A
WGzn3V12,01.09.2018 18:00,Cosenza,Verona,0,3,,,,,,,,,,,,,,,,,0,0,,,,,,,,,,,,,,,,,A
IXxb0ToL,01.09.2018 18:00,Padova,Venezia,1,0,16,9,6,3,10,6,17,22,4,9,6,2,3,5,16,15,0,0,4,1,384,451,13,12,107,116,28,62,44%,56%,,,,,H
AVHxgove,01.09.2018 18:00,Spezia,Brescia,3,2,14,13,5,7,9,6,19,19,3,4,0,3,5,2,19,16,0,0,3,1,438,585,7,11,100,136,46,56,,,,,,,H
0dS2am1R,31.08.2018 21:00,Palermo,Cremonese,2,2,18,18,9,3,9,15,12,15,7,9,0,3,1,7,15,9,0,0,3,0,472,409,7,19,115,80,50,53,,,,,,,D
8IBH5363,27.08.2018 21:00,Benevento,Lecce,3,3,13,3,6,3,7,0,14,16,5,4,1,3,0,3,15,12,0,0,1,4,500,480,7,12,107,86,54,34,,,,,,,D
AXhE6qic,26.08.2018 21:00,Ascoli,Cosenza,1,1,12,9,5,4,7,5,24,18,8,5,1,1,3,4,17,21,0,0,2,3,511,289,15,17,121,79,66,30,,,,,,,D
UXaQ3syG,26.08.2018 21:00,Cittadella,Crotone,3,0,15,9,7,3,8,6,14,21,5,6,3,2,3,4,18,12,0,1,3,2,350,415,34,5,81,90,53,58,,,,,,,H
xb3Y1L5S,26.08.2018 21:00,Foggia,AC Carpi,4,2,16,13,10,6,6,7,24,10,8,6,2,3,4,6,8,21,0,0,0,3,450,315,7,4,70,58,48,46,,,,,,,H
rut1cuEq,26.08.2018 18:00,Verona,Padova,1,1,8,7,5,3,3,4,25,14,5,4,1,5,2,4,13,20,0,0,2,3,544,258,14,18,133,87,58,55,,,,,,,D
b74U21jM,25.08.2018 18:00,Cremonese,Pescara,1,1,5,7,3,3,2,4,18,14,3,7,1,1,2,2,14,18,1,1,0,2,339,479,11,17,54,81,37,73,,,,,,,D
drp5daTk,25.08.2018 18:00,Salernitana,Palermo,0,0,6,6,2,2,4,4,17,24,3,4,2,0,2,2,22,17,0,0,2,2,326,595,15,9,64,93,26,36,,,,,,,D
j5q9eJrd,25.08.2018 18:00,Venezia,Spezia,1,0,6,6,3,1,3,5,25,14,6,4,2,1,1,2,11,23,0,0,1,3,453,564,29,24,62,75,50,51,,,,,,,H
js1M4NL9,24.08.2018 21:00,Brescia,Perugia,1,1,8,6,4,1,4,5,19,27,3,3,2,2,0,3,25,17,1,0,0,2,347,470,22,9,131,126,88,76,,,,,,,D
