id,date,home_team,away_team,home_goals,away_goals,Expected Goals (xG)_home,Expected Goals (xG)_away,Ball Possession_home,Ball Possession_away,Goal Attempts_home,Goal Attempts_away,Shots on Goal_home,Shots on Goal_away,Shots off Goal_home,Shots off Goal_away,Blocked Shots_home,Blocked Shots_away,Free Kicks_home,Free Kicks_away,Corner Kicks_home,Corner Kicks_away,Offsides_home,Offsides_away,Throw-ins_home,Throw-ins_away,Goalkeeper Saves_home,Goalkeeper Saves_away,Fouls_home,Fouls_away,Yellow Cards_home,Yellow Cards_away,Attacks_home,Attacks_away,Dangerous Attacks_home,Dangerous Attacks_away,Red Cards_home,Red Cards_away,result
rDDE2dfm,17.03.2024 18:30,Trabzonspor,Fenerbahce,2,3,1.16,0.91,60%,40%,7,7,3,5,3,2,1,0,17,13,10,2,0,1,20,17,2,1,13,18,5,4,82,69,43,33,0,0,A
dMvdpFvJ,17.03.2024 14:00,Hatayspor,Samsunspor,3,0,1.16,0.26,48%,52%,9,12,3,2,5,7,1,3,9,15,0,7,2,0,26,33,2,0,13,9,4,1,92,93,21,49,0,0,H
IVuhoePC,17.03.2024 14:00,Kasimpasa,Galatasaray,3,4,2.33,2.25,53%,47%,16,12,5,6,8,5,3,1,9,17,2,4,5,1,17,16,2,2,12,8,4,1,92,89,54,39,1,0,A
YwOv9bHJ,17.03.2024 11:30,Rizespor,Gaziantep,3,1,2.45,1.16,51%,49%,10,14,6,8,2,4,2,2,10,16,6,8,2,1,8,20,7,3,14,10,1,2,96,91,38,41,0,0,H
Qy3J1G9g,16.03.2024 18:30,Adana Demirspor,Sivasspor,4,1,1.05,0.29,64%,36%,13,6,7,2,5,3,1,1,13,12,3,6,1,0,17,15,1,3,11,13,3,2,135,64,50,23,1,0,H
U99A3xus,16.03.2024 18:30,Besiktas,Antalyaspor,1,2,1.46,1.52,55%,45%,20,10,7,2,7,4,6,4,14,12,8,5,2,1,24,26,0,6,11,14,2,3,136,82,75,36,0,0,A
CUMr8IWP,16.03.2024 14:00,Ankaragucu,Basaksehir,2,1,1.73,1.62,38%,62%,13,11,6,3,6,8,1,0,9,11,1,2,1,0,15,21,2,4,10,10,0,2,97,104,59,36,0,0,H
CYxpmHf0,16.03.2024 11:30,Alanyaspor,Kayserispor,1,0,1.27,1.05,48%,52%,8,13,3,3,5,6,0,4,20,12,0,3,1,2,17,19,3,2,11,18,1,3,117,84,42,35,0,0,H
4S1N0zPa,15.03.2024 18:30,Karagumruk,Konyaspor,1,1,0.80,0.72,53%,47%,11,11,5,4,4,5,2,2,13,13,9,4,1,2,20,26,3,4,12,11,2,0,120,92,41,34,0,0,D
O8tlnyA6,15.03.2024 18:30,Pendikspor,Istanbulspor AS,1,0,1.71,0.21,63%,37%,19,3,5,1,8,1,6,1,23,22,6,2,3,2,25,16,1,4,12,20,1,6,141,76,67,20,0,1,H
MqpXkJAs,11.03.2024 18:30,Gaziantep,Besiktas,2,0,1.10,1.23,45%,55%,8,13,4,5,1,4,3,4,14,13,2,3,4,2,26,31,5,2,10,12,3,3,76,134,26,44,0,0,H
4hoEZcQ0,10.03.2024 17:00,Fenerbahce,Pendikspor,4,1,2.58,0.52,67%,33%,20,4,7,1,8,3,5,0,28,18,8,1,3,0,26,15,0,3,15,29,6,8,145,91,91,26,0,2,H
WEHAYHu7,10.03.2024 14:00,Istanbulspor AS,Kasimpasa,1,2,0.54,1.80,45%,55%,8,24,2,9,2,10,4,5,12,12,4,9,2,6,20,18,7,1,10,6,3,0,126,117,65,107,0,0,A
jJlykwQm,10.03.2024 14:00,Samsunspor,Ankaragucu,2,1,1.47,0.15,50%,50%,22,7,4,2,10,1,8,4,16,13,2,2,0,2,30,25,1,2,13,14,1,3,94,72,69,43,0,0,H
Q1nAzvBf,10.03.2024 11:30,Kayserispor,Hatayspor,1,1,1.83,0.27,57%,43%,18,5,3,1,8,4,7,0,14,14,3,2,3,1,19,34,0,2,10,13,3,3,98,70,58,47,1,0,D
Kzb5fa2Q,09.03.2024 17:00,Basaksehir,Antalyaspor,1,0,0.91,0.25,60%,40%,12,9,4,0,7,5,1,4,10,12,10,3,2,0,18,20,0,3,11,10,1,1,104,63,68,35,0,0,H
xC80eumK,09.03.2024 17:00,Trabzonspor,Karagumruk,5,1,1.07,0.10,67%,33%,27,6,12,2,9,3,6,1,13,10,8,2,0,0,22,13,1,7,10,13,0,3,122,50,62,14,0,0,H
O84ddLXD,09.03.2024 14:00,Konyaspor,Adana Demirspor,2,2,1.65,0.39,40%,60%,13,13,5,3,5,7,3,3,11,13,3,6,1,1,16,21,1,3,12,12,0,3,86,115,43,31,0,0,D
A5GEXyeD,09.03.2024 11:30,Sivasspor,Alanyaspor,1,2,0.70,0.80,50%,50%,16,5,5,4,6,1,5,0,18,10,5,4,1,1,24,16,2,4,9,17,3,2,109,80,47,27,0,0,A
U9mulcuf,08.03.2024 18:00,Galatasaray,Rizespor,6,2,1.97,0.46,59%,41%,14,10,10,4,2,3,2,3,13,19,3,3,1,1,15,23,2,4,18,13,1,1,152,117,90,58,0,0,H
bmWTf8d9,04.03.2024 18:00,Alanyaspor,Trabzonspor,3,1,2.39,1.22,35%,65%,11,24,5,7,5,6,1,11,9,18,1,9,0,1,15,30,6,2,17,8,3,0,63,135,27,68,0,0,H
jNSLdURd,04.03.2024 18:00,Antalyaspor,Gaziantep,1,0,2.12,0.48,52%,48%,20,8,10,3,6,4,4,1,12,13,11,5,1,1,21,22,3,9,12,11,1,2,93,115,46,53,0,0,H
UDRPels3,04.03.2024 15:00,Adana Demirspor,Karagumruk,1,0,1.53,0.61,54%,46%,13,12,5,1,4,7,4,4,12,18,7,7,1,1,19,22,1,4,17,12,4,4,103,92,42,33,0,1,H
xroZYQZk,03.03.2024 17:00,Besiktas,Galatasaray,0,1,0.30,0.39,48%,52%,12,13,3,3,4,5,5,5,18,7,4,11,0,3,23,24,2,3,7,14,2,0,113,106,38,51,1,0,A
lIlwYpkd,03.03.2024 11:30,Basaksehir,Samsunspor,1,0,0.83,0.76,66%,34%,10,8,6,2,1,5,3,1,15,9,5,5,4,1,20,14,2,5,6,13,0,3,114,76,57,45,0,1,H
Wvm6yKel,03.03.2024 11:30,Pendikspor,Konyaspor,0,2,1.25,1.97,51%,49%,9,13,0,5,7,6,2,2,22,16,4,4,1,2,16,18,3,0,16,20,5,5,109,97,46,34,0,0,A
xvVXgSBF,02.03.2024 17:00,Hatayspor,Fenerbahce,0,2,0.68,2.61,48%,52%,10,14,1,6,6,4,3,4,16,15,3,4,1,2,16,26,4,1,14,14,1,5,82,84,38,34,0,0,A
tCa3vmCS,02.03.2024 14:00,Rizespor,Kayserispor,3,0,1.71,1.39,49%,51%,21,14,8,6,9,8,4,0,12,13,3,2,2,0,16,20,6,5,11,13,1,4,97,94,53,38,0,0,H
rLoVZ6Kq,02.03.2024 11:30,Ankaragucu,Istanbulspor AS,1,1,1.14,0.86,54%,46%,15,14,5,6,9,7,1,1,13,5,10,2,1,1,22,17,5,4,4,12,3,4,125,71,62,30,1,1,D
Iyq2x0tr,01.03.2024 18:00,Kasimpasa,Sivasspor,0,0,1.10,0.42,60%,40%,17,7,3,3,7,2,7,2,12,17,5,1,1,2,22,22,3,3,16,10,2,1,140,78,53,24,0,0,D
xK2nrVC3,26.02.2024 18:00,Galatasaray,Antalyaspor,2,1,3.62,0.86,54%,46%,14,15,8,4,5,5,1,6,12,19,5,6,5,1,32,21,3,6,14,14,2,4,106,92,39,40,0,0,H
jN6jskS9,25.02.2024 17:00,Istanbulspor AS,Besiktas,0,2,0.86,0.88,49%,51%,17,15,5,6,5,8,7,1,16,10,4,7,2,1,14,16,4,5,8,15,1,3,92,123,52,64,0,0,A
lbQeL75j,25.02.2024 14:00,Karagumruk,Alanyaspor,1,1,1.04,1.88,35%,65%,5,20,1,6,4,9,0,5,12,4,1,11,1,2,8,12,5,0,10,14,3,2,77,132,16,97,1,0,D
G4Ewpiri,25.02.2024 14:00,Trabzonspor,Adana Demirspor,1,0,0.92,0.81,49%,51%,17,13,8,3,7,5,2,5,18,18,4,5,3,1,19,15,3,7,15,17,2,3,102,93,47,36,0,1,H
4QlPQTsT,25.02.2024 11:30,Sivasspor,Pendikspor,4,1,1.67,0.98,39%,61%,11,12,5,5,3,4,3,3,15,12,3,3,2,1,11,21,4,1,10,14,2,4,69,128,28,47,0,0,H
A7RiMmjp,24.02.2024 17:00,Fenerbahce,Kasimpasa,2,1,3.58,0.92,60%,40%,18,10,5,2,12,4,1,4,25,12,4,3,2,3,30,26,1,3,10,23,2,3,113,108,62,28,0,0,H
jNpLR9SM,24.02.2024 17:00,Konyaspor,Hatayspor,2,0,1.74,0.27,45%,55%,13,7,4,4,7,2,2,1,17,9,4,3,1,2,22,24,4,2,8,15,6,3,87,114,37,59,0,0,H
feDsqBcc,24.02.2024 14:00,Gaziantep,Basaksehir,0,2,0.69,0.32,54%,46%,13,4,6,4,3,0,4,0,14,14,5,0,0,2,20,25,2,6,13,12,1,3,126,79,41,30,0,0,A
pp6ft9sG,24.02.2024 11:30,Kayserispor,Ankaragucu,3,2,0.74,1.83,62%,38%,10,9,4,5,3,3,3,1,16,10,4,3,0,3,28,19,3,1,10,13,4,3,113,73,54,23,0,0,H
Oz5buTdM,23.02.2024 18:00,Samsunspor,Rizespor,3,0,1.38,0.70,44%,56%,15,11,3,4,6,4,6,3,10,19,2,8,0,3,21,24,4,0,19,8,2,1,130,89,34,40,0,0,H
GSKtVNHH,19.02.2024 18:00,Basaksehir,Kayserispor,2,3,2.80,1.25,64%,36%,19,14,7,7,7,4,5,3,27,11,7,3,4,2,18,15,4,5,7,26,2,4,107,65,50,33,0,0,A
d0oHSkDG,19.02.2024 18:00,Besiktas,Konyaspor,2,0,1.56,0.15,52%,48%,19,4,6,2,8,1,5,1,10,9,6,4,1,1,17,26,2,4,8,8,2,0,124,103,43,36,0,0,H
OhOlT1nU,18.02.2024 17:00,Ankaragucu,Galatasaray,0,3,0.32,2.42,43%,57%,8,24,3,10,4,4,1,10,15,9,3,16,4,0,23,23,7,3,6,14,1,1,82,101,36,60,0,0,A
Q1AGOLfo,18.02.2024 14:00,Gaziantep,Samsunspor,1,1,0.47,0.90,47%,53%,12,9,2,4,4,4,6,1,21,16,2,4,3,4,28,32,3,1,13,17,3,3,103,118,45,50,1,0,D
Msg4ViTc,18.02.2024 14:00,Pendikspor,Trabzonspor,0,2,0.55,1.50,43%,57%,8,11,0,4,5,3,3,4,13,14,4,6,2,1,17,21,2,0,12,12,0,1,91,108,41,49,0,0,A
UZzcXDbo,18.02.2024 11:30,Alanyaspor,Adana Demirspor,3,3,1.08,1.96,45%,55%,8,19,6,9,0,6,2,4,16,11,3,6,0,2,11,14,6,3,12,15,4,1,71,96,33,54,0,0,D
0Yi8UBr4,17.02.2024 17:00,Rizespor,Fenerbahce,1,3,0.65,1.68,52%,48%,8,13,4,5,3,6,1,2,19,18,3,6,2,1,35,19,2,3,16,18,4,2,109,76,59,50,0,0,A
I9nDTVcA,17.02.2024 14:00,Hatayspor,Sivasspor,1,1,0.66,0.22,58%,42%,15,4,6,2,4,0,5,2,11,14,6,2,1,1,17,16,1,5,14,10,1,1,113,74,67,29,0,0,D
fJJpUsXN,17.02.2024 11:30,Antalyaspor,Istanbulspor AS,2,2,1.70,2.18,49%,51%,14,12,5,8,7,1,2,3,19,10,6,6,1,2,26,22,6,3,11,16,2,2,106,97,45,36,0,0,D
SKg0WXDi,16.02.2024 18:00,Kasimpasa,Karagumruk,1,1,0.56,1.40,41%,59%,7,16,4,5,1,7,2,4,12,20,3,11,3,0,19,25,4,3,17,12,2,1,81,127,31,54,0,0,D
QwSTXPXb,12.02.2024 18:00,Kayserispor,Besiktas,0,0,1.06,0.18,53%,47%,14,6,4,1,6,2,4,3,12,19,7,3,2,3,36,21,1,4,17,9,3,0,106,93,45,29,0,0,D
nmTPY5Ih,12.02.2024 18:00,Samsunspor,Antalyaspor,2,0,0.84,0.52,40%,60%,11,11,6,2,3,6,2,3,10,20,3,2,2,2,25,39,2,4,18,8,2,2,103,114,36,50,0,0,H
G6q6IpYB,12.02.2024 15:00,Trabzonspor,Hatayspor,2,0,1.94,1.01,60%,40%,23,11,11,2,5,6,7,3,10,13,10,5,3,1,18,19,2,9,10,9,2,1,122,60,77,30,0,0,H
jPyJFrIU,11.02.2024 17:00,Fenerbahce,Alanyaspor,2,2,1.98,0.55,69%,31%,21,5,8,3,4,2,9,0,21,13,9,0,4,3,30,14,1,6,10,20,3,5,128,57,114,16,0,0,D
SpDOzSmt,11.02.2024 14:00,Istanbulspor AS,Gaziantep,1,3,0.85,1.57,51%,49%,3,8,1,5,1,3,1,0,13,15,3,3,3,2,23,21,2,0,14,12,4,2,115,132,40,43,1,0,A
K0RXWqm5,11.02.2024 14:00,Konyaspor,Ankaragucu,1,0,0.68,0.48,51%,49%,14,9,1,1,7,6,6,2,7,16,4,2,1,1,23,18,1,0,15,6,3,1,109,104,39,37,0,0,H
Y3VyW32B,11.02.2024 11:30,Sivasspor,Rizespor,1,0,0.65,1.30,41%,59%,7,17,2,5,3,10,2,2,11,17,0,6,2,1,13,26,5,1,15,10,1,1,68,123,28,44,0,0,H
6yCSZo3n,10.02.2024 17:00,Galatasaray,Basaksehir,2,0,1.16,0.64,54%,46%,18,9,7,1,7,3,4,5,17,18,7,3,2,6,8,17,1,5,13,11,2,2,101,84,42,38,0,0,H
fcrAH4mI,10.02.2024 14:00,Karagumruk,Pendikspor,2,0,1.46,0.36,52%,48%,12,8,6,1,1,2,5,5,18,16,6,9,5,1,27,42,1,4,11,17,1,0,93,103,18,46,0,0,H
xMXEGO2O,09.02.2024 18:00,Adana Demirspor,Kasimpasa,1,3,1.82,1.99,58%,42%,23,13,4,7,10,5,9,1,15,18,7,4,4,4,22,15,4,3,15,11,5,3,128,66,40,33,0,0,A
EsmkMSYn,04.02.2024 17:00,Besiktas,Trabzonspor,2,0,0.53,1.49,45%,55%,9,13,3,2,3,8,3,3,12,23,6,6,1,1,20,24,2,1,22,11,3,0,82,96,34,55,0,0,H
6wsZFiCD,04.02.2024 14:00,Kasimpasa,Alanyaspor,2,1,1.98,0.56,47%,53%,19,7,7,3,6,3,6,1,15,13,7,9,3,7,14,22,3,5,10,8,0,4,86,78,58,40,0,0,H
reQHvykE,04.02.2024 11:30,Pendikspor,Adana Demirspor,2,1,1.25,1.27,40%,60%,16,16,5,6,7,3,4,7,10,22,7,6,2,3,19,23,5,3,20,7,3,1,95,123,35,57,1,0,H
QHjgLnlg,03.02.2024 17:00,Antalyaspor,Fenerbahce,0,2,0.65,1.07,51%,49%,16,14,5,7,7,5,4,2,21,13,6,7,0,4,25,23,5,5,13,17,1,0,101,103,39,55,0,0,A
KMvNIgSf,03.02.2024 17:00,Gaziantep,Kayserispor,1,1,0.70,0.78,47%,53%,12,15,3,4,5,6,4,5,15,12,9,4,2,3,24,29,3,2,10,12,2,4,107,119,37,41,0,0,D
YPrRHDs1,03.02.2024 14:00,Basaksehir,Istanbulspor AS,2,0,2.98,0.37,58%,42%,22,7,9,3,4,2,9,2,10,10,8,3,1,1,19,24,3,7,8,9,1,1,130,92,57,43,0,0,H
nXv2JQI5,03.02.2024 11:30,Rizespor,Konyaspor,0,0,1.05,1.43,48%,52%,24,19,3,6,17,12,4,1,14,9,12,4,0,1,23,24,6,3,9,10,1,1,100,122,58,56,0,0,D
SnrVGXd7,02.02.2024 18:00,Samsunspor,Galatasaray,0,2,1.01,1.62,47%,53%,17,16,5,5,7,7,5,4,8,16,4,4,2,3,27,30,3,5,14,5,2,1,131,113,54,39,0,0,A
8ttbK63a,02.02.2024 15:00,Ankaragucu,Sivasspor,0,0,0.60,0.68,58%,42%,10,9,2,5,4,3,4,1,11,9,7,1,2,1,17,10,5,2,7,10,2,2,139,82,43,31,0,0,D
KKmoN8Jt,02.02.2024 15:00,Hatayspor,Karagumruk,3,1,1.58,1.77,43%,57%,5,18,3,4,0,7,2,7,6,16,4,5,2,0,25,25,3,0,14,7,0,2,51,110,42,58,0,0,H
6edzSc58,29.01.2024 18:00,Galatasaray,Gaziantep,2,1,3.30,0.50,70%,30%,33,6,9,4,12,2,12,0,10,13,13,2,5,0,24,12,3,7,7,10,1,5,146,62,97,29,0,0,H
E19l4fD1,29.01.2024 18:00,Trabzonspor,Kasimpasa,2,3,1.57,1.97,57%,43%,21,15,8,6,7,6,6,3,10,15,7,3,1,0,22,13,3,6,15,11,1,2,102,94,54,46,0,0,A
hh8h3ES7,29.01.2024 15:00,Istanbulspor AS,Samsunspor,1,1,0.82,0.58,51%,49%,9,12,5,3,3,5,1,4,16,18,4,4,3,3,20,30,2,4,15,13,3,1,84,137,39,58,0,0,D
2NkqQyzL,29.01.2024 15:00,Kayserispor,Antalyaspor,1,1,1.53,2.00,51%,49%,15,13,5,3,9,3,1,7,12,15,6,7,2,0,22,28,2,4,13,12,2,1,126,120,42,51,0,0,D
b7jEKFcr,28.01.2024 17:00,Fenerbahce,Ankaragucu,2,1,1.91,0.94,57%,43%,22,4,10,2,8,0,4,2,13,18,9,0,2,0,27,14,1,8,17,13,,,120,84,77,11,0,0,H
xbkIJZCl,28.01.2024 14:00,Karagumruk,Rizespor,4,0,1.68,0.17,41%,59%,17,5,5,3,7,1,5,1,11,14,5,7,1,1,15,17,3,1,13,15,2,2,98,80,35,24,0,0,H
tElmPekR,28.01.2024 14:00,Sivasspor,Besiktas,1,0,0.82,1.01,37%,63%,8,14,4,3,2,7,2,4,11,25,3,10,3,2,19,22,3,3,22,9,6,4,68,132,18,60,0,0,H
Kb0vRHKE,28.01.2024 11:30,Konyaspor,Basaksehir,2,3,0.99,1.65,35%,65%,12,15,3,5,5,5,4,5,14,6,1,4,1,2,22,24,2,1,6,12,3,2,61,107,22,42,0,0,A
IZFu6Grk,27.01.2024 17:00,Adana Demirspor,Hatayspor,0,1,0.99,0.18,62%,38%,13,4,0,2,11,2,2,0,28,16,5,3,4,4,27,19,1,0,12,24,5,4,151,44,60,42,1,0,A
dQEq5zbe,27.01.2024 14:00,Alanyaspor,Pendikspor,1,1,1.46,0.79,53%,47%,8,10,2,3,6,4,0,3,18,12,5,5,3,3,19,21,2,1,9,15,2,1,74,94,45,41,0,0,D
A9j2hcEk,25.01.2024 18:00,Galatasaray,Istanbulspor AS,3,1,2.59,0.37,62%,38%,16,6,4,2,6,3,6,1,20,13,3,2,2,0,14,16,1,1,11,22,2,5,141,60,67,19,0,1,H
S4y1DbjF,25.01.2024 18:00,Rizespor,Trabzonspor,1,0,1.23,0.53,49%,51%,15,10,5,3,6,6,4,1,11,22,3,3,2,0,22,15,3,4,21,12,3,1,82,114,36,40,0,0,H
WIibgwaq,25.01.2024 15:00,Samsunspor,Kayserispor,2,0,0.77,0.63,35%,65%,11,8,5,2,4,3,2,3,16,4,3,5,1,4,23,41,2,3,3,12,,,109,97,58,45,0,0,H
lKP9BxLR,24.01.2024 18:00,Antalyaspor,Sivasspor,2,1,2.51,1.39,64%,36%,24,8,12,4,8,2,4,2,16,12,8,6,2,2,19,29,3,10,10,15,2,1,131,83,48,40,0,0,H
6ez5CI5L,24.01.2024 18:00,Basaksehir,Fenerbahce,0,1,0.28,2.88,40%,60%,4,30,1,7,3,14,0,9,14,19,1,7,4,0,13,23,6,1,16,14,9,4,54,166,17,103,2,0,A
bVWdEvy9,24.01.2024 15:00,Ankaragucu,Karagumruk,2,0,2.03,0.42,40%,60%,8,11,5,4,2,5,1,2,9,14,2,9,0,0,22,16,4,3,14,9,1,3,76,115,31,58,0,0,H
OCGy7dTr,24.01.2024 15:00,Gaziantep,Konyaspor,1,1,0.69,0.65,51%,49%,8,7,1,4,6,2,1,1,15,21,3,5,1,3,24,24,3,1,19,13,2,2,127,97,27,30,0,0,D
KvYhFKL2,23.01.2024 18:00,Besiktas,Adana Demirspor,0,0,1.18,0.24,49%,51%,19,6,6,0,8,3,5,3,10,16,8,2,1,0,32,20,0,6,15,10,4,4,117,97,67,25,0,1,D
4Wk6iHTe,23.01.2024 18:00,Pendikspor,Kasimpasa,3,2,1.63,0.52,58%,42%,11,8,5,3,3,3,3,2,12,17,6,2,6,2,27,20,1,2,12,10,2,2,112,75,40,36,0,0,H
IZgAjyq2,23.01.2024 15:00,Hatayspor,Alanyaspor,1,1,0.09,2.58,36%,64%,4,18,1,3,2,11,1,4,5,18,3,5,2,1,15,25,2,0,17,4,4,2,72,127,20,80,0,0,D
AmFRuKUq,22.01.2024 18:00,Kayserispor,Istanbulspor AS,0,1,0.52,2.28,64%,36%,10,16,4,8,2,4,4,4,14,16,5,7,1,3,23,17,7,4,15,11,2,3,133,96,48,35,0,0,A
hC4Wvvpj,21.01.2024 17:00,Trabzonspor,Galatasaray,1,5,1.38,1.29,47%,53%,16,16,1,10,7,4,8,2,22,15,11,6,1,5,32,21,5,0,14,17,1,4,117,75,69,40,0,0,A
W23zvbad,21.01.2024 14:00,Fenerbahce,Samsunspor,1,1,2.51,0.28,62%,38%,21,6,7,4,11,1,3,1,14,10,8,1,3,0,23,27,3,6,7,14,1,3,131,85,65,28,0,0,D
tYpR0L69,21.01.2024 14:00,Konyaspor,Antalyaspor,1,1,0.54,1.22,40%,60%,8,12,2,1,5,10,1,1,11,10,5,4,2,0,22,27,0,1,8,11,2,3,96,86,40,36,0,0,D
KIdI2sxc,21.01.2024 11:30,Sivasspor,Gaziantep,2,2,1.63,2.20,45%,55%,14,15,5,7,4,3,5,5,15,9,3,5,0,2,21,16,5,3,9,15,3,5,92,90,25,48,0,1,D
lblZbayM,20.01.2024 17:00,Adana Demirspor,Ankaragucu,1,1,1.56,1.26,50%,50%,12,9,4,3,5,4,3,2,18,13,6,5,4,3,17,23,2,3,11,13,1,1,85,92,39,35,0,0,D
fykVauMF,20.01.2024 17:00,Pendikspor,Besiktas,4,0,1.12,1.50,36%,64%,9,17,5,4,4,9,0,4,14,14,1,6,4,3,12,20,4,1,10,11,1,2,75,117,31,53,0,0,H
SlmwbJjS,20.01.2024 14:00,Alanyaspor,Rizespor,2,1,2.03,0.97,55%,45%,23,17,5,3,9,8,9,6,10,12,8,4,3,1,27,16,2,3,9,9,4,0,96,70,64,35,0,0,H
b9eM11i3,20.01.2024 14:00,Karagumruk,Basaksehir,1,1,1.02,1.77,41%,59%,14,16,5,6,4,8,5,2,17,17,4,3,1,2,20,15,5,4,16,13,3,2,91,94,38,56,1,0,D
lp90p0MS,20.01.2024 11:30,Kasimpasa,Hatayspor,3,0,1.10,1.12,53%,47%,16,5,4,2,4,1,8,2,14,5,5,7,0,4,15,20,2,1,5,10,1,2,111,63,49,32,0,0,H
ngEHp9GB,15.01.2024 18:00,Galatasaray,Kayserispor,2,1,2.70,1.65,60%,40%,29,10,8,3,11,5,10,2,17,8,8,5,3,3,16,18,2,6,7,17,1,6,150,94,99,51,0,0,H
beGmm2xA,14.01.2024 17:00,Gaziantep,Fenerbahce,0,1,0.28,1.94,37%,63%,5,17,4,6,1,7,0,4,10,12,4,10,0,2,22,28,5,4,14,8,3,2,61,104,38,90,0,0,A
K4HqlrN3,14.01.2024 14:00,Antalyaspor,Trabzonspor,1,1,1.42,0.29,61%,39%,14,4,3,2,6,2,5,0,9,17,6,2,1,0,28,21,1,2,17,9,1,0,86,55,71,33,0,0,D
GWAhnMiG,14.01.2024 14:00,Samsunspor,Sivasspor,2,0,1.10,0.23,49%,51%,16,6,10,2,1,4,5,0,13,22,5,2,1,2,17,14,2,8,22,10,5,0,113,95,79,47,1,1,H
fN9dot7M,14.01.2024 11:30,Istanbulspor AS,Konyaspor,0,0,1.93,0.39,54%,46%,19,8,7,1,10,6,2,1,10,16,8,3,2,2,26,22,1,7,14,7,2,1,111,134,71,50,0,0,D
QsIukO7c,13.01.2024 17:00,Besiktas,Karagumruk,3,0,1.80,0.33,47%,53%,19,7,6,3,9,2,4,2,9,19,6,4,0,0,21,17,3,3,17,9,3,0,97,118,38,39,0,0,H
CvEyj4hi,13.01.2024 17:00,Rizespor,Adana Demirspor,1,0,1.77,0.48,48%,52%,15,15,6,3,4,6,5,6,12,20,9,4,1,1,30,24,3,5,19,11,1,0,94,146,47,42,0,0,H
AZZhRKFj,13.01.2024 14:00,Basaksehir,Alanyaspor,3,2,0.83,1.86,55%,45%,11,13,6,3,3,6,2,4,13,23,4,3,5,2,8,23,1,3,19,12,1,1,99,93,22,29,0,0,H
WrykS00p,13.01.2024 11:30,Ankaragucu,Kasimpasa,3,1,2.40,1.55,43%,57%,12,16,8,2,4,13,0,1,15,17,2,5,3,0,25,23,1,5,14,15,1,1,81,136,29,57,0,0,H
QqDLqTVH,13.01.2024 11:30,Hatayspor,Pendikspor,1,1,0.88,1.42,53%,47%,8,12,4,2,2,7,2,3,10,12,4,6,4,0,27,24,1,3,8,10,4,1,83,113,49,50,0,0,D
Cx1wGcBK,11.01.2024 18:00,Trabzonspor,Samsunspor,2,1,1.14,2.29,60%,40%,13,19,7,8,6,5,0,6,21,13,5,1,4,2,30,22,7,5,12,19,3,1,99,101,37,30,0,0,H
dAxAAyZs,11.01.2024 15:00,Sivasspor,Galatasaray,1,1,1.79,1.97,41%,59%,14,21,5,8,7,5,2,8,20,11,4,8,2,1,24,21,7,4,9,21,0,3,84,122,49,41,0,1,D
QL2VHJt8,10.01.2024 18:00,Adana Demirspor,Istanbulspor AS,2,2,1.46,1.17,59%,41%,18,13,7,5,2,5,9,3,19,10,7,7,4,4,23,14,3,5,6,15,0,3,128,69,50,29,0,0,D
jTasFHQQ,10.01.2024 18:00,Fenerbahce,Konyaspor,7,1,5.40,0.11,63%,37%,17,6,11,1,5,1,1,4,8,17,7,0,3,1,13,16,0,4,14,8,1,2,128,65,51,14,0,0,H
zXZxCThk,10.01.2024 15:00,Hatayspor,Gaziantep,0,0,0.52,0.15,58%,42%,14,7,7,2,4,3,3,2,5,18,5,5,4,1,22,7,2,7,14,4,3,0,137,66,76,21,0,0,D
4C1ZGwdE,10.01.2024 15:00,Karagumruk,Kayserispor,4,1,1.15,1.84,45%,55%,15,14,10,6,2,7,3,1,8,9,5,3,2,1,28,28,5,6,9,6,0,2,100,102,40,47,0,0,H
8pYpA7N1,09.01.2024 18:00,Kasimpasa,Basaksehir,0,3,0.58,2.35,54%,46%,15,7,1,5,5,0,9,2,17,17,6,3,1,5,25,17,2,1,16,12,2,1,106,77,50,22,0,0,A
ADtE9ell,09.01.2024 18:00,Rizespor,Besiktas,0,4,1.39,1.68,55%,45%,28,15,7,7,8,2,13,6,16,13,10,5,3,1,18,15,3,7,10,15,3,1,96,84,63,41,0,0,A
Mmxk9Rx8,09.01.2024 15:00,Alanyaspor,Ankaragucu,1,1,,,63%,37%,8,11,3,3,1,5,4,3,11,11,3,3,1,2,27,29,2,2,10,10,3,2,121,87,57,32,1,1,D
ENYtBm8e,09.01.2024 15:00,Pendikspor,Antalyaspor,0,1,1.41,1.53,54%,46%,14,12,3,2,9,6,2,4,16,13,5,7,3,0,39,19,1,3,10,16,2,4,139,92,67,36,0,0,A
YklrW91I,07.01.2024 17:00,Galatasaray,Konyaspor,3,0,2.77,0.57,58%,42%,27,7,9,4,14,3,4,0,16,21,13,3,2,2,24,18,4,6,20,14,3,3,117,77,64,25,0,0,H
jRbwXknC,07.01.2024 14:00,Istanbulspor AS,Fenerbahce,1,5,0.78,3.13,45%,55%,15,23,8,15,2,5,5,3,13,15,4,8,1,2,16,15,10,7,12,13,3,1,84,113,42,56,0,0,A
Cz0ZXVW5,07.01.2024 11:30,Kayserispor,Sivasspor,1,3,1.48,2.13,61%,39%,15,10,3,5,7,4,5,1,14,7,7,7,0,3,25,12,2,2,8,11,4,3,106,66,71,29,0,0,A
jRK8nVoa,06.01.2024 17:00,Ankaragucu,Trabzonspor,0,1,0.72,0.86,58%,42%,16,10,2,2,10,3,4,5,9,21,4,3,3,1,16,14,1,2,18,8,1,1,109,85,45,32,0,0,A
pQinVTGO,06.01.2024 17:00,Samsunspor,Karagumruk,1,0,1.51,0.23,45%,55%,12,7,4,1,5,4,3,2,15,24,3,5,2,2,17,29,1,3,22,14,2,3,92,109,36,35,0,0,H
0xSekX1t,06.01.2024 14:00,Basaksehir,Adana Demirspor,0,0,0.83,0.80,57%,43%,8,11,1,4,7,4,0,3,10,14,6,6,4,0,21,13,4,1,11,12,3,0,97,87,50,36,0,0,D
4UOCok15,06.01.2024 11:30,Rizespor,Hatayspor,2,0,0.85,0.74,40%,60%,10,16,3,0,4,10,3,6,13,14,3,4,3,3,17,22,0,1,11,10,0,2,73,117,32,42,0,0,H
IDM0liHn,05.01.2024 18:00,Antalyaspor,Alanyaspor,0,0,1.06,1.47,46%,54%,11,8,2,2,7,5,2,1,11,15,9,5,1,1,25,19,2,2,15,12,2,0,87,78,34,32,0,0,D
d4L4mBWh,05.01.2024 18:00,Besiktas,Kasimpasa,1,3,0.77,1.27,54%,46%,10,14,3,7,3,7,4,0,14,24,4,3,4,1,28,22,4,2,20,13,2,2,87,88,34,40,0,0,A
bTuUgDgP,05.01.2024 15:00,Gaziantep,Pendikspor,2,2,0.63,2.05,49%,51%,9,8,2,4,3,2,4,2,23,8,1,5,2,7,24,31,2,0,7,16,2,6,107,103,31,51,0,0,D
vgf0Lhm0,25.12.2023 18:00,Hatayspor,Besiktas,1,2,0.56,1.31,48%,52%,7,15,2,7,1,2,4,6,10,13,5,8,2,1,25,21,5,1,11,9,1,1,86,96,45,40,0,0,A
hdb4KC26,25.12.2023 18:00,Pendikspor,Ankaragucu,1,1,1.32,0.46,55%,45%,14,8,4,1,5,4,5,3,13,14,5,3,4,1,23,25,0,3,10,12,0,3,128,67,58,17,0,0,D
Q9dCIjXI,25.12.2023 15:00,Alanyaspor,Samsunspor,3,1,2.70,0.96,53%,47%,15,17,7,3,6,11,2,3,21,12,3,4,3,2,19,21,2,4,9,19,1,4,84,113,36,47,0,0,H
nJc8JWHC,25.12.2023 15:00,Kasimpasa,Rizespor,2,2,1.50,1.57,49%,51%,21,11,9,3,8,4,4,4,16,10,3,4,1,1,10,26,1,7,9,16,0,1,114,84,54,33,0,0,D
Mo7MzYnm,24.12.2023 17:00,Fenerbahce,Galatasaray,0,0,0.30,0.40,49%,51%,6,8,0,1,6,7,0,0,27,20,2,6,1,1,25,29,1,0,19,26,3,4,87,89,44,35,0,0,D
CCHnszAJ,24.12.2023 14:00,Adana Demirspor,Antalyaspor,2,1,1.35,1.64,44%,56%,6,22,2,3,3,10,1,9,11,15,1,10,0,1,19,27,2,0,17,10,4,2,78,134,19,55,0,0,H
r1eVYBHa,24.12.2023 11:30,Konyaspor,Kayserispor,2,0,1.94,0.90,43%,57%,11,13,4,4,3,5,4,4,18,9,2,5,2,1,16,19,4,2,6,19,1,4,87,91,30,24,0,0,H
8r3IyEXt,23.12.2023 17:00,Trabzonspor,Basaksehir,1,1,1.21,0.95,57%,43%,18,6,4,1,7,2,7,3,21,14,5,6,1,3,15,18,0,3,13,18,0,2,104,83,39,17,0,0,D
j3GjtfPP,23.12.2023 14:00,Karagumruk,Gaziantep,0,3,1.46,1.96,62%,38%,9,7,3,3,5,2,1,2,10,18,2,3,3,1,17,26,0,3,15,9,3,1,135,61,61,37,0,0,A
4AdRZi2g,23.12.2023 11:30,Sivasspor,Istanbulspor AS,1,0,1.21,0.25,44%,56%,16,6,6,0,8,4,2,2,13,7,9,7,0,1,13,17,0,5,7,12,0,2,89,108,39,42,0,0,H
Iw6iNEIm,21.12.2023 18:00,Ankaragucu,Hatayspor,0,0,1.35,0.73,50%,50%,13,11,4,5,4,2,5,4,13,11,6,5,2,0,17,22,5,4,9,15,0,2,76,87,47,52,0,0,D
l41mOf3s,21.12.2023 18:00,Besiktas,Alanyaspor,1,3,1.74,1.85,59%,41%,16,10,3,3,3,3,10,4,8,15,10,3,0,1,23,13,0,2,16,7,3,2,118,84,103,37,0,0,A
dU4eMYXg,21.12.2023 15:00,Rizespor,Pendikspor,5,1,3.19,0.33,59%,41%,8,12,5,5,2,6,1,1,11,12,5,6,5,0,18,19,4,0,9,11,2,3,93,87,52,46,0,1,H
vgYU5DmD,21.12.2023 15:00,Samsunspor,Konyaspor,1,1,1.19,1.51,47%,53%,8,12,3,2,4,5,1,5,16,17,4,8,0,6,29,32,1,2,18,11,3,0,95,93,66,57,0,0,D
neFLSzeQ,20.12.2023 18:00,Antalyaspor,Kasimpasa,0,0,0.38,0.30,50%,50%,9,6,1,3,5,3,3,0,11,11,5,11,1,0,31,25,3,1,10,11,2,2,67,79,66,73,0,0,D
02ZQ6gY6,20.12.2023 18:00,Galatasaray,Karagumruk,1,0,1.14,0.39,58%,42%,18,7,8,3,5,2,5,2,13,13,7,4,3,2,21,26,3,7,11,11,3,3,112,87,82,60,0,0,H
4ztI8F3f,20.12.2023 15:00,Kayserispor,Fenerbahce,3,4,1.88,1.61,50%,50%,16,13,6,6,5,4,5,3,11,23,5,3,2,1,26,19,2,3,22,11,2,5,94,101,52,49,0,2,A
hdMCUdQD,19.12.2023 18:00,Gaziantep,Adana Demirspor,2,2,1.00,1.73,40%,60%,15,15,5,7,5,4,5,4,10,16,5,5,1,1,20,22,5,3,15,9,0,1,73,103,51,69,0,0,D
rRvM7ZI0,19.12.2023 18:00,Istanbulspor AS,Trabzonspor,0,3,0.68,1.40,43%,57%,6,14,2,4,1,6,3,4,9,9,1,3,3,1,8,16,4,2,6,8,3,0,62,68,34,35,0,0,A
4WPGTGuK,19.12.2023 15:00,Basaksehir,Sivasspor,3,1,4.02,0.40,62%,38%,15,7,6,4,5,3,4,0,12,24,3,1,2,3,17,12,3,3,22,11,1,2,95,77,65,37,0,0,H
tWH4Uy9G,11.12.2023 18:00,Ankaragucu,Rizespor,1,1,0.75,1.36,38%,62%,15,13,7,2,5,6,3,5,20,11,2,1,0,0,13,19,1,6,11,19,4,6,61,103,24,54,1,1,D
IeuYC9wq,11.12.2023 18:00,Konyaspor,Sivasspor,0,1,0.22,0.39,61%,39%,13,10,1,3,7,3,5,4,13,10,7,2,2,0,19,24,2,1,8,13,3,4,154,107,74,36,0,0,A
S8BlYJ9i,10.12.2023 17:00,Gaziantep,Trabzonspor,1,3,0.47,2.49,46%,54%,8,20,4,11,4,6,0,3,15,6,2,3,0,4,21,19,8,3,6,11,1,2,110,107,35,26,0,0,A
6aAhXwPc,10.12.2023 14:00,Basaksehir,Hatayspor,1,0,0.90,1.82,36%,64%,9,16,4,3,5,8,0,5,18,19,1,7,2,1,12,24,3,3,19,18,3,3,72,108,23,60,1,0,H
tIxWFxfN,10.12.2023 14:00,Kayserispor,Pendikspor,2,0,1.57,1.66,59%,41%,11,11,5,4,4,4,2,3,9,12,4,5,3,0,22,13,4,3,9,9,0,1,115,102,58,39,0,0,H
fLtzFd9T,10.12.2023 11:30,Istanbulspor AS,Alanyaspor,0,1,0.44,2.61,50%,50%,11,18,2,7,4,11,5,0,11,24,1,9,2,0,14,16,6,2,23,10,1,2,105,109,47,50,0,0,A
n9I0VHgA,09.12.2023 17:00,Besiktas,Fenerbahce,1,3,1.26,4.47,46%,54%,4,23,1,10,1,10,2,3,15,16,1,6,0,3,19,24,7,0,18,13,5,4,99,116,23,52,0,0,A
vgI69zXj,09.12.2023 14:00,Samsunspor,Kasimpasa,4,2,2.27,1.40,35%,65%,12,13,7,6,4,4,1,3,13,21,3,4,5,5,22,40,4,3,15,9,1,0,116,120,37,47,0,0,H
lOacWcv4,09.12.2023 11:30,Antalyaspor,Karagumruk,2,1,0.13,0.85,37%,63%,2,11,2,2,0,5,0,4,20,14,2,4,1,3,20,27,1,0,15,17,4,7,71,155,22,81,1,0,H
02J2AGHp,08.12.2023 18:00,Galatasaray,Adana Demirspor,3,1,3.62,1.07,57%,43%,22,13,7,5,12,4,3,4,10,15,7,4,1,2,27,20,4,4,15,9,2,0,123,48,58,18,0,0,H
ShNQIvA4,04.12.2023 18:00,Fenerbahce,Sivasspor,4,1,1.31,0.85,48%,52%,9,10,5,4,1,5,3,1,12,20,4,2,2,0,25,22,3,2,18,12,1,1,94,118,48,29,0,0,H
84vOHbPA,03.12.2023 17:00,Ankaragucu,Besiktas,1,1,0.42,0.44,48%,52%,11,9,4,4,4,2,3,3,11,20,1,5,1,1,20,22,3,3,19,10,1,2,72,129,34,49,0,0,D
l2OMJKfb,03.12.2023 14:00,Trabzonspor,Kayserispor,0,1,0.76,0.44,53%,47%,15,9,2,4,10,3,3,2,18,9,4,2,2,3,16,22,3,2,7,15,3,2,128,75,60,41,0,0,A
xOf41wuU,03.12.2023 11:30,Kasimpasa,Gaziantep,4,2,2.02,2.88,53%,47%,24,15,7,4,8,6,9,5,15,21,5,6,3,3,15,13,2,3,19,13,5,5,97,91,54,41,1,0,H
txLELtQo,02.12.2023 17:00,Adana Demirspor,Samsunspor,2,3,1.06,2.18,61%,39%,11,11,4,6,4,3,3,2,14,11,7,4,3,1,34,19,3,2,9,13,2,2,111,104,53,33,0,0,A
8lj02JPN,02.12.2023 17:00,Pendikspor,Galatasaray,0,2,0.48,1.57,36%,64%,9,18,0,6,6,5,3,7,12,11,2,6,3,1,18,19,4,0,8,11,2,3,54,150,31,57,0,0,A
newSGIvH,02.12.2023 14:00,Rizespor,Basaksehir,3,2,2.68,1.39,49%,51%,19,16,7,9,6,5,6,2,14,11,6,5,0,1,15,20,7,4,10,13,2,3,92,98,49,56,0,0,H
vXtWdcmo,02.12.2023 11:30,Alanyaspor,Konyaspor,2,2,1.83,1.16,53%,47%,19,13,5,6,11,1,3,6,20,12,4,6,2,0,22,17,4,3,10,20,2,2,114,87,60,28,0,0,D
Ucid3aAH,01.12.2023 18:00,Hatayspor,Antalyaspor,3,3,,,51%,49%,14,13,8,7,5,2,1,4,6,16,6,5,2,1,22,23,4,5,14,5,2,2,106,77,39,22,0,0,D
fuPIK0uh,01.12.2023 18:00,Karagumruk,Istanbulspor AS,3,0,1.66,0.20,53%,47%,15,6,5,0,7,3,3,3,11,18,3,5,6,2,24,19,0,2,12,9,3,1,120,91,35,36,0,0,H
pA5z8Nen,27.11.2023 18:00,Basaksehir,Pendikspor,4,1,3.05,0.97,57%,43%,10,12,5,3,4,5,1,4,16,17,7,4,4,2,17,14,2,1,13,14,1,2,69,105,38,38,0,0,H
zabm5Lu5,27.11.2023 18:00,Sivasspor,Trabzonspor,3,3,1.43,1.22,41%,59%,17,13,9,6,5,5,3,2,10,11,5,2,0,0,18,22,3,6,11,10,1,1,91,103,47,40,0,0,D
txaq61Qb,26.11.2023 17:00,Fenerbahce,Karagumruk,2,1,1.90,0.53,56%,44%,9,9,3,2,5,5,1,2,17,22,1,2,2,1,20,23,1,1,20,17,5,4,115,112,41,28,0,0,H
2o0u7sBh,26.11.2023 14:00,Antalyaspor,Rizespor,0,0,0.74,1.05,48%,52%,16,8,10,3,4,4,2,1,18,12,6,4,0,1,26,17,3,10,12,17,1,5,102,105,44,48,0,0,D
UcVQmKAU,26.11.2023 14:00,Samsunspor,Besiktas,1,2,0.74,1.25,37%,63%,13,16,5,5,4,7,4,4,10,19,9,5,4,0,22,25,3,4,17,9,2,1,94,124,35,35,0,0,A
fuwEjMQB,26.11.2023 11:30,Kayserispor,Adana Demirspor,1,1,0.95,0.63,57%,43%,14,9,4,3,9,2,1,4,9,25,9,4,2,1,20,15,2,3,23,8,3,3,99,87,57,35,0,0,D
GfRMl0eO,25.11.2023 17:00,Galatasaray,Alanyaspor,4,0,3.27,0.18,65%,35%,26,4,11,1,9,2,6,1,11,18,9,3,6,3,21,13,1,7,12,8,1,1,141,59,77,31,0,0,H
6J6W83tt,25.11.2023 14:00,Gaziantep,Ankaragucu,0,1,0.32,0.62,49%,51%,9,12,2,5,6,4,1,3,19,7,2,4,0,0,20,20,4,2,8,19,4,5,109,91,53,34,0,0,A
nZ1i4ueB,25.11.2023 14:00,Konyaspor,Kasimpasa,2,0,1.82,0.69,57%,43%,17,8,7,1,8,3,2,4,14,11,2,9,0,1,28,33,1,5,11,12,0,1,97,91,29,50,0,0,H
YVyIkttI,25.11.2023 11:30,Istanbulspor AS,Hatayspor,2,1,1.82,1.12,46%,54%,15,10,10,3,3,4,2,3,16,9,8,6,1,3,4,21,2,8,9,14,2,3,93,100,31,48,0,0,H
UFpSaQ3P,12.11.2023 17:00,Adana Demirspor,Fenerbahce,0,0,0.15,0.98,59%,41%,4,18,0,9,4,6,0,3,16,13,3,5,1,2,20,18,9,0,13,15,3,3,76,90,25,49,0,0,D
vkz2gOtg,12.11.2023 14:00,Besiktas,Basaksehir,1,0,1.53,0.41,54%,46%,12,7,4,2,6,4,2,1,18,20,5,6,2,1,24,18,2,3,18,17,2,3,105,95,53,44,0,0,H
04OAi2B5,12.11.2023 14:00,Rizespor,Istanbulspor AS,1,0,0.34,0.43,42%,58%,8,7,3,0,2,5,3,2,7,21,6,6,4,0,19,25,0,2,17,7,1,0,96,144,38,64,0,0,H
Kp3yw3dC,12.11.2023 11:30,Pendikspor,Samsunspor,1,0,0.87,1.24,50%,50%,10,16,4,8,4,8,2,0,22,12,4,3,2,4,20,30,8,3,10,18,1,3,102,101,37,49,0,0,H
8AaXwqs6,11.11.2023 17:00,Hatayspor,Galatasaray,2,1,0.99,1.20,29%,71%,6,18,4,6,2,4,0,8,11,20,2,9,4,1,12,28,5,2,16,11,2,1,70,141,15,70,0,0,H
hb1qysRO,11.11.2023 14:00,Alanyaspor,Gaziantep,0,3,0.68,2.02,69%,31%,13,9,3,5,5,4,5,0,10,11,8,1,1,0,18,19,3,3,12,10,3,1,148,55,82,34,0,0,A
WOWgepCt,11.11.2023 14:00,Karagumruk,Sivasspor,3,0,1.89,0.89,50%,50%,13,11,7,3,2,6,4,2,6,17,5,4,1,2,23,25,3,4,16,4,2,2,92,116,34,24,0,0,H
E72uxNBI,11.11.2023 11:30,Kasimpasa,Kayserispor,3,4,2.24,1.22,55%,45%,19,8,9,5,8,2,2,1,17,8,6,4,4,2,21,15,1,6,4,15,0,1,132,75,48,28,0,0,A
MDP6hrda,10.11.2023 18:00,Ankaragucu,Antalyaspor,0,4,0.69,1.72,52%,48%,10,21,2,9,3,7,5,5,10,10,2,5,1,0,22,24,5,2,9,11,3,0,107,94,57,64,0,0,A
QoWcf4Rn,10.11.2023 18:00,Trabzonspor,Konyaspor,2,1,1.04,1.77,59%,41%,13,13,5,3,5,8,3,2,14,16,6,4,0,1,16,19,2,3,16,14,1,3,76,86,56,56,0,0,H
EBGcs3V7,08.11.2023 18:00,Samsunspor,Istanbulspor AS,2,1,1.47,0.53,52%,48%,12,6,4,3,5,3,3,0,12,20,7,2,3,2,25,33,2,2,17,12,3,5,82,68,55,46,0,0,H
pUkr0Zc8,06.11.2023 18:00,Gaziantep,Rizespor,2,0,1.79,0.84,41%,59%,9,14,5,2,2,7,2,5,9,8,3,5,0,1,17,27,2,3,8,8,3,1,88,127,37,66,0,0,H
YXnevhyk,06.11.2023 18:00,Kayserispor,Alanyaspor,1,0,1.24,1.24,64%,36%,12,9,4,6,4,1,4,2,12,20,8,5,3,3,20,17,6,3,17,9,1,3,122,77,60,38,0,0,H
vV7GsRss,05.11.2023 17:00,Antalyaspor,Besiktas,3,2,0.37,1.36,36%,64%,5,17,3,5,2,7,0,5,16,14,3,6,1,3,24,22,3,0,13,13,1,3,58,113,19,58,0,0,H
bXgnagDE,05.11.2023 14:00,Basaksehir,Ankaragucu,3,3,0.86,0.46,47%,53%,9,10,4,5,2,4,3,1,15,8,1,3,1,3,20,16,2,1,7,12,2,0,103,86,50,35,0,0,D
QoASvPRa,05.11.2023 14:00,Konyaspor,Karagumruk,1,1,0.64,1.02,50%,50%,10,9,3,2,4,5,3,2,19,16,2,8,3,1,24,24,1,2,13,19,2,4,128,88,41,33,0,0,D
neBOu5Cg,05.11.2023 11:30,Sivasspor,Adana Demirspor,1,1,2.53,0.59,39%,61%,19,14,10,4,7,4,2,6,15,17,5,6,3,0,7,19,3,9,14,15,1,3,88,115,47,52,0,0,D
IL6Ktocm,04.11.2023 17:00,Fenerbahce,Trabzonspor,2,3,2.40,0.51,68%,32%,12,6,4,4,4,1,4,1,26,14,10,4,0,3,26,14,1,2,14,27,5,4,86,73,59,19,1,0,A
WQ10yjL7,04.11.2023 14:00,Samsunspor,Hatayspor,2,1,2.15,0.97,57%,43%,15,10,6,3,5,5,4,2,15,11,12,4,4,0,10,21,2,4,7,16,3,7,121,92,48,22,0,1,H
COoawCje,04.11.2023 11:30,Istanbulspor AS,Pendikspor,2,4,2.02,3.68,58%,42%,15,22,4,11,7,6,4,5,9,17,4,7,3,1,11,11,7,2,14,8,2,3,71,100,56,67,0,0,A
hz3dxW51,03.11.2023 18:00,Galatasaray,Kasimpasa,2,1,1.57,0.67,60%,40%,13,12,3,5,6,5,4,2,15,16,5,3,5,3,19,20,4,1,11,12,2,3,135,97,50,22,0,0,H
KQ6KpfbL,30.10.2023 18:00,Besiktas,Gaziantep,2,0,1.81,1.14,62%,38%,13,12,6,6,4,5,3,1,17,16,7,3,1,1,14,22,6,4,15,16,2,5,141,78,74,38,1,1,H
2kdPqEDR,29.10.2023 17:00,Ankaragucu,Samsunspor,2,0,,,63%,37%,12,3,5,2,6,1,1,0,14,8,4,6,0,1,24,18,2,3,8,14,0,2,101,81,36,38,0,0,H
tz8GozqF,29.10.2023 17:00,Antalyaspor,Basaksehir,1,0,,,38%,62%,11,8,1,3,5,2,5,3,18,19,7,5,0,1,24,22,3,0,20,19,3,5,81,98,56,46,0,0,H
vc8IQY6k,29.10.2023 17:00,Pendikspor,Fenerbahce,0,5,,,39%,61%,2,19,0,10,2,5,0,4,13,11,0,6,4,2,17,27,5,0,7,11,1,2,63,113,11,61,0,0,A
C03CnGT8,29.10.2023 14:00,Karagumruk,Trabzonspor,0,0,,,44%,56%,6,12,3,0,2,10,1,2,13,12,6,3,4,2,30,22,0,3,8,11,2,1,98,93,35,37,0,0,D
Y948mdE2,28.10.2023 18:00,Adana Demirspor,Konyaspor,3,0,,,59%,41%,15,13,5,4,6,7,4,2,12,16,4,5,4,4,22,14,4,2,12,10,1,1,101,80,78,26,0,0,H
vBmiuYLr,28.10.2023 18:00,Rizespor,Galatasaray,0,1,,,35%,65%,11,20,3,5,5,6,3,9,12,16,6,5,2,1,15,30,4,3,14,11,3,3,88,122,41,75,0,0,A
W4QPOCy2,28.10.2023 15:00,Alanyaspor,Sivasspor,1,2,,,52%,48%,12,15,5,4,5,10,2,1,13,14,7,2,1,1,16,14,2,4,13,12,3,1,100,88,50,38,0,0,A
069EREiq,27.10.2023 19:00,Hatayspor,Kayserispor,1,2,,,54%,46%,18,8,9,2,5,4,4,2,17,10,12,1,0,4,18,19,1,8,10,15,5,0,118,72,58,22,0,0,A
YJ7MPhMe,27.10.2023 19:00,Kasimpasa,Istanbulspor AS,3,1,,,35%,65%,19,17,11,6,3,10,5,1,13,14,8,5,1,2,20,25,5,8,13,11,2,2,86,112,45,57,0,0,H
jXZUZxp3,23.10.2023 19:00,Karagumruk,Adana Demirspor,2,0,,,46%,54%,10,11,6,5,3,5,1,1,12,19,5,4,1,4,20,30,5,4,18,8,0,1,88,101,31,41,0,0,H
YePZYda9,23.10.2023 19:00,Trabzonspor,Alanyaspor,1,0,,,48%,52%,14,15,3,3,8,6,3,6,9,17,7,5,2,5,18,25,3,2,15,4,1,2,101,104,48,33,0,0,H
naTwYGEF,22.10.2023 18:00,Fenerbahce,Hatayspor,4,2,,,54%,46%,17,8,6,5,8,2,3,1,15,11,7,5,1,1,20,17,3,2,10,14,1,4,91,71,40,33,0,0,H
pzmqCZid,22.10.2023 18:00,Samsunspor,Basaksehir,0,0,,,36%,64%,20,7,5,0,8,4,7,3,11,18,8,0,1,3,21,18,0,5,17,8,2,2,111,80,56,23,0,0,D
OKbzEeNq,22.10.2023 15:00,Istanbulspor AS,Ankaragucu,2,1,,,48%,52%,7,9,3,1,2,3,2,5,15,15,2,5,2,1,10,21,0,1,14,14,0,3,80,123,32,62,0,0,H
tMSsXzUL,22.10.2023 12:30,Sivasspor,Kasimpasa,0,1,,,59%,41%,17,17,8,6,6,7,3,4,11,14,7,8,4,2,31,14,5,8,10,9,0,2,110,71,54,36,0,0,A
6qluDFxj,21.10.2023 18:00,Galatasaray,Besiktas,2,1,,,52%,48%,25,2,10,2,7,0,8,0,18,14,6,2,2,1,17,20,1,8,12,19,3,5,123,69,55,29,0,1,H
CtyRzJUd,21.10.2023 15:00,Gaziantep,Antalyaspor,1,0,,,38%,62%,10,8,2,2,4,2,4,4,14,17,6,4,1,0,38,19,2,1,16,14,1,2,81,95,52,31,0,0,H
KCRoWfqS,21.10.2023 15:00,Konyaspor,Pendikspor,1,2,,,61%,39%,16,8,8,3,5,4,3,1,16,11,5,2,7,4,19,19,1,7,4,12,1,3,123,77,57,31,0,0,A
na78IyFS,21.10.2023 12:30,Kayserispor,Rizespor,3,1,,,63%,37%,20,12,7,3,7,5,6,4,11,17,5,2,3,3,18,15,2,4,13,12,5,2,117,64,41,24,0,0,H
0rqR5bVM,08.10.2023 18:00,Hatayspor,Konyaspor,3,1,,,44%,56%,10,8,5,5,1,3,4,0,14,20,3,2,1,5,15,14,4,2,19,10,2,0,78,124,33,32,0,0,H
WQZd0xgp,08.10.2023 18:00,Kasimpasa,Fenerbahce,0,2,,,43%,57%,6,20,1,7,2,11,3,2,14,12,1,8,0,2,29,20,5,1,13,12,3,0,96,141,27,82,0,0,A
dAEeLwV9,08.10.2023 15:00,Besiktas,Istanbulspor AS,2,0,,,67%,33%,17,4,5,2,6,1,6,1,10,18,4,4,6,1,18,17,2,3,12,10,2,2,169,52,89,35,0,0,H
hx84JHaM,08.10.2023 12:30,Rizespor,Samsunspor,1,0,,,31%,69%,8,12,4,3,3,6,1,3,16,10,4,8,1,1,18,20,3,3,9,15,3,3,52,117,28,89,1,0,H
IJFiMJF3,07.10.2023 18:00,Antalyaspor,Galatasaray,0,2,,,39%,61%,12,11,4,7,7,2,1,2,24,17,3,7,2,3,18,23,5,4,15,21,1,3,90,105,49,40,0,0,A
OdGmNa0c,07.10.2023 18:00,Basaksehir,Gaziantep,2,0,,,51%,49%,8,12,3,1,1,8,4,3,12,14,5,7,3,2,13,21,1,1,12,10,,,89,133,29,63,0,0,H
Eo90KcpG,07.10.2023 15:00,Ankaragucu,Kayserispor,3,0,,,48%,52%,12,4,8,1,2,3,2,0,12,4,1,3,3,2,25,16,1,5,1,10,,,89,132,20,65,0,0,H
vZsV4IpT,07.10.2023 12:30,Pendikspor,Sivasspor,2,3,,,64%,36%,15,15,6,7,6,8,3,0,16,14,9,4,0,3,13,13,4,4,14,13,4,2,133,69,62,21,0,0,A
CMCqOuoi,06.10.2023 19:00,Adana Demirspor,Trabzonspor,1,0,,,46%,54%,13,18,8,3,4,8,1,7,9,18,3,3,1,0,16,21,3,7,17,9,5,3,88,112,43,56,0,0,H
AHY0ad8j,06.10.2023 19:00,Alanyaspor,Karagumruk,2,1,,,47%,53%,6,10,3,4,2,4,1,2,17,18,3,6,2,1,21,25,3,1,16,16,4,1,89,109,33,57,0,0,H
veHk67P5,02.10.2023 19:00,Kayserispor,Basaksehir,0,0,,,52%,48%,14,8,1,4,4,2,9,2,16,8,10,5,2,1,23,17,4,1,6,15,2,2,113,85,50,39,0,0,D
QkM9B21o,01.10.2023 18:00,Adana Demirspor,Alanyaspor,4,0,,,52%,48%,15,9,7,1,5,8,3,0,14,13,7,3,2,0,20,19,1,3,11,14,2,3,98,99,44,43,0,0,H
IJgM6vGG,01.10.2023 18:00,Konyaspor,Besiktas,0,2,,,39%,61%,5,6,3,1,1,4,1,1,22,18,2,6,5,2,19,15,0,3,13,20,2,3,73,112,26,40,1,0,A
AgjE80o4,01.10.2023 15:00,Fenerbahce,Rizespor,5,0,,,63%,37%,23,5,11,1,8,3,4,1,16,11,8,2,1,1,25,5,1,6,10,15,1,3,130,64,98,15,0,0,H
4tLDAMGi,01.10.2023 12:30,Karagumruk,Kasimpasa,2,3,,,73%,27%,14,4,5,3,7,1,2,0,17,11,8,0,2,4,24,13,0,3,9,14,3,3,158,57,86,9,0,0,A
0A5b4ofI,30.09.2023 18:00,Galatasaray,Ankaragucu,2,1,,,78%,22%,34,7,13,2,14,4,7,1,11,12,12,3,1,1,22,16,1,11,11,10,0,3,170,76,83,23,0,0,H
IoGg5RvC,30.09.2023 15:00,Istanbulspor AS,Antalyaspor,1,2,,,47%,53%,4,17,3,5,0,9,1,3,17,10,4,8,2,0,19,16,3,2,8,17,2,3,93,110,32,66,0,0,A
W2iA9tWc,30.09.2023 15:00,Trabzonspor,Pendikspor,2,1,,,42%,58%,11,9,3,4,6,4,2,1,8,20,4,2,1,0,17,23,3,1,19,8,2,1,78,111,25,42,1,0,H
4GkI7K0A,30.09.2023 12:30,Sivasspor,Hatayspor,0,0,,,48%,52%,12,4,4,1,5,3,3,0,20,12,6,7,3,1,17,14,1,4,9,20,3,3,79,80,48,38,0,0,D
CnYRnJOp,29.09.2023 19:00,Samsunspor,Gaziantep,1,2,,,62%,38%,18,4,2,3,8,0,8,1,12,13,9,2,0,1,27,21,1,1,13,12,2,3,154,73,64,23,0,0,A
jDBIj78L,28.09.2023 19:00,Fenerbahce,Basaksehir,4,0,,,54%,46%,16,6,8,0,4,5,4,1,10,24,14,2,2,2,15,25,0,4,22,9,4,1,106,65,55,12,0,0,H
GfJ5g9O2,27.09.2023 19:00,Adana Demirspor,Besiktas,4,2,,,44%,56%,14,16,7,5,6,6,1,5,16,16,1,5,0,1,18,17,3,3,16,15,2,1,52,133,19,54,0,0,H
6PyFWoHk,26.09.2023 19:00,Istanbulspor AS,Galatasaray,0,1,,,38%,62%,4,17,3,7,1,7,0,3,15,12,3,4,3,2,17,21,6,3,12,16,1,2,57,171,19,68,0,0,A
Gb1A9LE0,25.09.2023 19:00,Hatayspor,Trabzonspor,3,2,,,55%,45%,9,6,3,3,2,1,4,2,14,23,9,1,2,2,19,13,1,0,22,13,6,2,97,100,46,34,0,0,H
2F3M6JbJ,24.09.2023 19:00,Alanyaspor,Fenerbahce,0,1,,,46%,54%,2,14,1,7,0,4,1,3,14,18,4,5,3,0,18,22,6,1,15,14,2,6,64,96,28,63,0,0,A
OO4I7aqD,24.09.2023 19:00,Kasimpasa,Adana Demirspor,2,1,,,55%,45%,13,19,7,6,3,7,3,6,5,24,6,11,5,1,16,22,5,5,21,7,4,3,66,81,36,47,0,3,H
WUDs8Tfg,24.09.2023 16:00,Ankaragucu,Konyaspor,1,1,,,56%,44%,15,7,1,1,5,3,9,3,10,15,4,2,0,2,37,22,0,0,15,8,1,1,116,85,36,25,0,0,D
l6Ox99um,24.09.2023 16:00,Besiktas,Kayserispor,2,1,,,61%,39%,23,5,10,1,10,4,3,0,15,13,7,2,0,5,18,16,0,8,13,10,1,0,155,66,76,19,0,0,H
xWKY9kQt,23.09.2023 19:00,Antalyaspor,Samsunspor,2,0,,,46%,54%,7,9,3,1,3,4,1,4,11,22,1,4,0,0,18,28,1,1,22,11,2,1,73,115,34,42,0,0,H
KjY6EVHP,23.09.2023 19:00,Basaksehir,Galatasaray,1,2,,,37%,63%,6,17,2,4,2,9,2,4,16,19,2,4,3,1,26,18,2,1,18,15,3,2,92,129,32,40,0,0,A
U15E8uU6,23.09.2023 16:00,Pendikspor,Karagumruk,1,1,,,46%,54%,8,10,4,4,2,5,2,1,12,16,5,4,3,3,19,22,3,3,13,10,0,1,85,111,29,48,0,0,D
ALCo7mAa,23.09.2023 16:00,Rizespor,Sivasspor,1,1,,,54%,46%,14,14,4,4,7,4,3,6,20,16,5,4,3,1,26,24,3,3,12,17,7,3,102,91,52,45,0,0,D
t0Z2FB2J,22.09.2023 19:00,Gaziantep,Istanbulspor AS,2,0,,,37%,63%,13,5,2,0,6,3,5,2,15,15,8,4,4,2,13,23,0,0,11,13,1,5,81,98,54,38,0,0,H
2oxRHq7K,18.09.2023 19:00,Karagumruk,Hatayspor,0,0,,,46%,54%,5,18,2,5,3,10,0,3,11,16,3,3,3,2,22,21,5,2,14,9,3,2,96,106,50,44,0,0,D
fqD1Bspl,18.09.2023 19:00,Sivasspor,Ankaragucu,1,3,,,54%,46%,15,15,9,5,5,8,1,2,12,7,5,3,0,0,37,18,2,8,7,12,3,2,124,88,39,33,1,0,A
zupuftFD,17.09.2023 19:00,Alanyaspor,Kasimpasa,3,3,,,56%,44%,13,17,6,3,2,9,5,5,12,11,5,7,2,1,19,21,0,3,9,11,,,113,99,63,50,0,0,D
pARVG3MQ,17.09.2023 19:00,Trabzonspor,Besiktas,3,0,,,31%,69%,8,7,5,1,3,2,0,4,14,16,2,7,1,3,19,37,1,2,15,11,4,1,75,102,25,53,0,0,H
nJDcCNUs,17.09.2023 16:00,Fenerbahce,Antalyaspor,3,2,,,55%,45%,17,14,10,6,2,4,5,4,12,13,7,5,1,1,17,24,4,7,13,11,3,4,100,63,77,25,0,0,H
vDjWe2p1,17.09.2023 16:00,Istanbulspor AS,Basaksehir,0,2,,,39%,61%,5,20,0,8,4,7,1,5,12,15,0,7,0,3,12,15,6,0,15,9,4,0,76,125,46,60,0,0,A
lrYMIPiE,16.09.2023 19:00,Adana Demirspor,Pendikspor,3,0,,,45%,55%,18,15,7,5,9,3,2,7,8,14,6,6,6,2,20,10,5,4,8,6,0,3,88,108,47,50,0,0,H
dloyeMa7,16.09.2023 19:00,Galatasaray,Samsunspor,4,2,,,54%,46%,9,9,5,4,3,3,1,2,19,20,2,6,1,1,21,28,2,1,17,15,1,3,99,96,33,50,0,0,H
0MiSdrVf,16.09.2023 16:00,Kayserispor,Gaziantep,2,0,,,54%,46%,10,16,4,5,3,6,3,5,7,15,3,7,4,0,15,15,5,2,11,8,0,1,81,111,29,59,0,0,H
YZB5A1af,16.09.2023 16:00,Konyaspor,Rizespor,1,2,,,38%,62%,6,11,4,2,0,5,2,4,15,12,2,4,1,2,22,21,0,3,12,14,2,1,70,96,27,46,0,0,A
8EZKb40r,03.09.2023 20:45,Ankaragucu,Fenerbahce,0,1,,,49%,51%,14,14,2,2,6,8,6,4,14,16,4,2,0,0,22,16,1,2,15,14,2,3,94,94,43,48,0,1,A
SfEop5ok,03.09.2023 20:45,Hatayspor,Adana Demirspor,3,3,,,35%,65%,14,11,7,6,5,5,2,0,13,20,3,7,1,5,13,10,3,4,19,9,6,2,57,109,17,72,0,0,D
2Xdh3phR,03.09.2023 18:15,Besiktas,Sivasspor,2,0,,,66%,34%,17,5,8,1,7,3,2,1,20,18,7,2,1,3,14,15,1,6,17,17,2,4,150,60,72,19,0,0,H
Otbl4QxL,02.09.2023 20:45,Antalyaspor,Kayserispor,1,1,,,57%,43%,20,7,7,3,6,2,7,2,13,15,9,3,1,2,24,15,2,6,14,11,2,3,95,64,59,17,0,0,D
GGft6n88,02.09.2023 20:45,Gaziantep,Galatasaray,0,3,,,32%,68%,15,15,6,4,6,5,3,6,17,14,4,7,4,4,19,20,1,6,12,13,2,0,79,103,38,35,0,0,A
f7gp56NE,02.09.2023 18:15,Basaksehir,Konyaspor,0,1,,,50%,50%,11,13,2,5,5,5,4,3,13,14,2,4,1,0,15,9,4,2,13,13,4,2,82,109,44,42,1,0,A
6oDkqP0e,02.09.2023 18:15,Pendikspor,Alanyaspor,1,1,,,58%,42%,10,8,3,4,5,3,2,1,16,7,8,4,1,2,23,28,3,2,9,14,3,2,115,68,66,32,0,0,D
08CgrqG1,01.09.2023 20:00,Kasimpasa,Trabzonspor,1,5,,,50%,50%,19,7,6,6,12,1,1,0,16,13,9,3,3,0,25,19,1,5,10,16,3,3,116,100,53,26,0,0,A
6ahOcOFl,01.09.2023 20:00,Rizespor,Karagumruk,1,0,,,51%,49%,13,17,4,3,7,5,2,9,16,13,1,6,1,0,23,21,3,3,12,17,3,2,80,120,38,58,0,0,H
SvQNUPo2,27.08.2023 20:45,Alanyaspor,Hatayspor,0,0,,,60%,40%,15,5,5,0,7,2,3,3,18,18,9,1,7,1,25,16,0,5,9,17,4,3,116,69,67,23,0,0,D
foI9hTw9,27.08.2023 18:15,Karagumruk,Ankaragucu,1,1,,,49%,51%,6,7,2,5,3,2,1,0,14,15,3,5,0,2,12,21,4,1,15,12,1,1,103,119,46,39,0,0,D
fkYAXR1q,27.08.2023 18:15,Kayserispor,Samsunspor,2,1,,,56%,44%,11,6,4,1,6,4,1,1,10,9,3,2,2,2,24,18,0,2,7,8,,,97,92,44,50,0,0,H
pzBMkRNR,26.08.2023 20:45,Sivasspor,Antalyaspor,1,1,,,55%,45%,6,8,2,4,2,3,2,1,17,18,3,4,7,2,21,15,3,1,11,15,3,3,90,86,26,22,0,0,D
llRJV5We,26.08.2023 18:15,Kasimpasa,Pendikspor,1,1,,,56%,44%,7,16,3,6,3,8,1,2,17,10,9,2,3,0,16,14,5,2,10,19,3,2,119,84,56,42,0,1,D
xA7EimgF,26.08.2023 18:15,Trabzonspor,Rizespor,2,3,,,60%,40%,20,12,7,7,6,2,7,3,18,10,9,2,0,2,26,13,4,5,10,17,1,2,132,76,74,48,0,0,A
nqclooWr,25.08.2023 20:00,Konyaspor,Gaziantep,2,0,,,54%,46%,17,8,8,3,6,4,3,1,10,10,10,2,1,1,33,21,3,6,9,8,1,2,100,92,51,28,0,0,H
O2BwjzIA,21.08.2023 20:00,Ankaragucu,Adana Demirspor,1,1,,,46%,54%,18,12,5,4,9,2,4,6,13,11,3,4,3,3,24,21,3,4,9,10,1,1,92,112,36,44,0,0,D
I5zvVYuo,21.08.2023 20:00,Samsunspor,Fenerbahce,0,2,,,40%,60%,5,13,1,6,3,5,1,2,14,14,2,5,3,4,24,22,4,1,11,10,1,1,78,114,19,59,0,0,A
6RGYjG24,20.08.2023 20:45,Besiktas,Pendikspor,1,1,,,61%,39%,15,11,6,1,4,3,5,7,12,12,6,4,2,3,23,26,0,5,11,9,4,5,103,36,39,14,0,0,D
KAEMgIIo,20.08.2023 20:45,Gaziantep,Sivasspor,1,3,,,58%,42%,11,12,2,6,5,5,4,1,17,20,7,4,1,1,20,24,3,1,19,16,6,3,128,87,69,27,0,0,A
YDIQhxYi,20.08.2023 18:15,Basaksehir,Karagumruk,0,2,,,56%,44%,15,9,5,2,7,3,3,4,14,13,5,4,2,0,24,13,0,5,11,14,3,4,150,62,45,21,0,0,A
GdlCZEXT,19.08.2023 20:45,Galatasaray,Trabzonspor,2,0,,,65%,35%,15,5,6,1,5,2,4,2,9,25,7,1,3,2,21,20,1,4,21,7,4,3,111,92,39,25,0,0,H
rVz5yy3H,19.08.2023 20:45,Hatayspor,Kasimpasa,0,0,,,60%,40%,8,11,2,2,5,7,1,2,10,10,3,1,3,3,18,24,2,2,7,6,,,105,93,51,41,0,0,D
2gAskfXG,19.08.2023 18:15,Rizespor,Alanyaspor,0,0,,,43%,57%,12,9,3,2,3,3,6,4,14,12,3,3,0,1,17,17,2,3,12,13,2,3,86,110,35,42,0,1,D
SzIUidmb,18.08.2023 20:00,Antalyaspor,Konyaspor,1,1,,,64%,36%,18,7,4,3,6,2,8,2,14,13,5,5,0,2,19,16,2,3,14,11,2,2,125,81,68,22,0,0,D
MLZ8zeIN,18.08.2023 20:00,Istanbulspor AS,Kayserispor,1,1,,,48%,52%,7,9,3,4,2,3,2,2,12,13,4,6,2,1,17,11,3,2,11,11,1,0,95,105,35,38,0,0,D
t2EZLe3U,14.08.2023 20:00,Alanyaspor,Basaksehir,2,0,,,54%,46%,14,9,4,3,7,4,3,2,14,16,4,5,1,0,16,25,3,2,15,14,5,4,101,92,55,28,0,1,H
dElqtaln,14.08.2023 20:00,Karagumruk,Besiktas,0,1,,,39%,61%,4,13,0,6,2,2,2,5,15,16,4,4,3,1,19,19,5,0,13,14,4,1,64,130,8,56,0,0,A
INkusuZu,13.08.2023 20:45,Adana Demirspor,Rizespor,2,1,,,58%,42%,9,13,6,4,2,7,1,2,15,18,4,5,1,1,18,20,3,4,17,14,6,6,92,94,32,27,0,0,H
htrhvwJb,13.08.2023 20:45,Fenerbahce,Gaziantep,2,1,,,70%,30%,21,4,5,1,11,3,5,0,9,15,3,1,2,0,11,20,0,3,13,12,0,6,135,75,65,16,0,1,H
n3sdwcY4,13.08.2023 18:15,Sivasspor,Samsunspor,1,1,,,52%,48%,6,11,2,3,2,2,2,6,12,13,4,5,2,1,14,20,2,1,11,11,2,1,76,106,23,40,0,0,D
8CMMOcJB,12.08.2023 20:45,Kayserispor,Galatasaray,0,0,,,43%,57%,12,17,3,3,7,12,2,2,6,15,3,9,3,1,21,31,3,3,11,6,2,2,91,116,29,63,0,0,D
n3LQNHYH,12.08.2023 20:45,Pendikspor,Hatayspor,1,5,,,57%,43%,6,15,4,9,1,4,1,2,21,12,4,2,3,3,15,22,4,3,10,18,0,1,109,78,40,28,0,0,A
URAVMylO,12.08.2023 18:15,Kasimpasa,Ankaragucu,3,2,,,48%,52%,15,9,5,3,7,5,3,1,15,11,3,5,2,0,22,19,1,2,8,15,1,0,106,94,40,51,0,0,H
06o0xHmB,12.08.2023 18:15,Konyaspor,Istanbulspor AS,1,1,,,57%,43%,15,4,2,2,12,1,1,1,12,12,10,2,1,2,24,20,1,1,13,10,3,5,131,54,86,18,1,2,D
EkqluJ3h,11.08.2023 20:00,Trabzonspor,Antalyaspor,1,0,,,47%,53%,13,11,5,2,6,4,2,5,12,19,6,9,1,1,15,19,2,4,18,11,0,1,109,87,45,54,0,0,H
