id,date,home_team,away_team,home_goals,away_goals,Ball Possession_home,Ball Possession_away,Goal Attempts_home,Goal Attempts_away,Shots on Goal_home,Shots on Goal_away,Shots off Goal_home,Shots off Goal_away,Blocked Shots_home,Blocked Shots_away,Free Kicks_home,Free Kicks_away,Corner Kicks_home,Corner Kicks_away,Offsides_home,Offsides_away,Goalkeeper Saves_home,Goalkeeper Saves_away,Fouls_home,Fouls_away,Yellow Cards_home,Yellow Cards_away,Total Passes_home,Total Passes_away,Completed Passes_home,Completed Passes_away,Tackles_home,Tackles_away,Attacks_home,Attacks_away,Dangerous Attacks_home,Dangerous Attacks_away,Red Cards_home,Red Cards_away,Throw-ins_home,Throw-ins_away,result
KMAizPXA,26.05.2019 18:00,Fenerbahce,Antalyaspor,3,1,53%,47%,17,16,6,3,7,8,4,5,14,20,4,4,5,2,2,3,16,12,1,3,468,413,417,360,17,16,67,53,60,50,0,0,,,H
nXIvwRmh,26.05.2019 18:00,Goztepe,Ankaragucu,2,1,33%,67%,11,7,5,4,5,2,1,1,24,10,4,6,2,2,3,3,8,23,0,2,208,412,128,339,25,14,78,104,66,61,0,0,,,H
EqAeZrmH,26.05.2019 18:00,Kayserispor,Erzurumspor,0,2,49%,51%,20,16,7,6,7,8,6,2,13,10,10,4,1,4,4,7,9,9,,,467,494,418,442,14,15,85,106,70,72,1,0,,,A
0vFFvvPd,26.05.2019 18:00,Yeni Malatyaspor,Bursaspor,1,2,45%,55%,10,9,4,5,3,2,3,2,24,10,5,2,2,2,3,3,8,22,7,3,371,473,296,413,14,13,74,111,63,70,2,1,,,A
j9XOHGHq,25.05.2019 18:00,Konyaspor,Akhisarspor,0,0,61%,39%,18,14,7,5,6,9,5,0,11,12,6,5,2,1,5,7,9,10,2,0,576,361,494,288,8,10,120,86,102,65,0,0,,,D
QNHrxo3b,24.05.2019 20:00,Besiktas,Kasimpasa,3,2,59%,41%,13,16,4,6,7,8,2,2,13,14,3,5,2,2,4,1,12,10,3,0,653,439,589,371,22,19,136,98,78,63,1,0,,,H
8pSTGzXk,24.05.2019 20:00,Rizespor,Trabzonspor,2,3,,,,,,,,,,,,,,,,,,,,,,,,,,,,,,,,,0,0,,,A
8n7my5I4,24.05.2019 20:00,Sivasspor,Galatasaray,4,3,45%,55%,30,7,14,4,8,2,8,1,11,12,9,1,2,1,1,10,10,10,2,1,432,528,376,455,13,13,104,80,84,43,0,0,,,H
nyRXFfnd,24.05.2019 17:00,Basaksehir,Alanyaspor,1,1,57%,43%,11,17,3,7,6,10,2,0,11,14,5,6,2,3,6,2,12,9,,,552,401,466,331,13,13,127,103,86,72,0,0,,,D
4jbKyHiI,20.05.2019 19:00,Ankaragucu,Sivasspor,3,1,51%,49%,14,10,6,4,4,5,4,1,8,18,8,3,3,1,3,3,15,7,4,1,470,451,394,372,12,21,89,93,62,68,0,0,,,H
IcEzv7Yo,20.05.2019 19:00,Erzurumspor,Fenerbahce,0,1,39%,61%,14,10,3,3,7,6,4,1,15,9,8,2,2,2,2,3,8,13,4,5,313,521,242,427,14,13,94,79,71,45,0,0,,,A
QPUBuahg,19.05.2019 18:00,Alanyaspor,Rizespor,1,1,41%,59%,16,12,5,3,9,4,2,5,20,14,5,6,1,4,2,4,14,17,3,1,327,491,236,400,18,16,75,89,73,69,0,0,,,D
bDcOzy7O,19.05.2019 18:00,Galatasaray,Basaksehir,2,1,51%,49%,15,5,4,2,7,3,4,0,12,18,8,1,5,0,1,2,14,12,4,3,387,369,307,292,8,12,85,89,63,42,0,0,,,H
KnUFvJ7a,19.05.2019 15:00,Akhisarspor,Kayserispor,2,2,40%,60%,16,21,4,8,9,9,3,4,9,19,5,7,4,1,6,2,15,10,3,2,354,525,295,466,14,10,67,84,58,61,0,0,,,D
bwTJwwN5,19.05.2019 15:00,Bursaspor,Goztepe,0,0,64%,36%,14,2,3,1,7,1,4,0,13,19,5,2,2,3,1,3,19,10,3,1,414,242,313,133,11,19,102,79,88,46,0,0,,,D
QaaGxcxC,18.05.2019 18:00,Antalyaspor,Yeni Malatyaspor,3,0,55%,45%,17,12,5,2,10,6,2,4,17,17,5,4,1,3,2,2,16,13,2,4,406,340,368,292,14,9,67,66,51,51,0,1,,,H
CG1SZfMU,18.05.2019 18:00,Trabzonspor,Besiktas,2,1,42%,58%,19,8,8,3,10,3,1,2,11,14,7,4,2,2,2,6,12,9,3,2,372,523,302,438,16,18,95,115,77,75,0,0,,,H
v7FWvmJu,17.05.2019 19:30,Kasimpasa,Konyaspor,1,1,49%,51%,18,12,3,4,7,6,8,2,13,13,6,7,0,4,3,2,13,9,1,1,488,545,420,471,15,14,89,92,69,66,0,0,,,D
6q4tQJh6,13.05.2019 19:00,Besiktas,Alanyaspor,2,1,57%,43%,12,9,4,3,6,6,2,0,26,19,2,5,2,5,2,2,17,20,2,1,490,350,398,253,16,13,126,92,65,60,0,0,,,H
YV5YRuOg,12.05.2019 18:00,Basaksehir,Ankaragucu,2,1,61%,39%,20,8,7,1,6,5,7,2,13,13,5,2,1,1,0,5,12,12,0,1,581,371,484,268,14,15,118,73,90,61,0,0,,,H
0rckOcNI,12.05.2019 18:00,Yeni Malatyaspor,Erzurumspor,3,1,50%,50%,15,21,9,5,3,11,3,5,19,18,4,9,2,1,4,6,16,18,3,4,378,369,306,313,11,8,80,75,66,85,0,0,,,H
vZegNHxP,12.05.2019 15:00,Kayserispor,Kasimpasa,2,1,69%,31%,19,7,6,6,7,0,6,1,16,12,13,5,1,2,5,4,11,15,4,4,466,219,402,149,10,17,93,71,106,50,0,1,,,H
Slkyn1FP,12.05.2019 15:00,Konyaspor,Trabzonspor,2,2,38%,62%,7,19,4,6,2,9,1,4,13,15,5,5,2,2,4,2,13,11,4,1,318,534,237,451,9,11,102,103,51,72,0,0,,,D
CM4xRaw0,11.05.2019 18:00,Fenerbahce,Akhisarspor,2,1,58%,42%,10,5,5,1,3,3,2,1,25,17,2,1,0,1,0,3,17,26,3,3,555,409,484,331,12,14,115,76,75,40,0,0,,,H
IJ7pPw8C,11.05.2019 18:00,Goztepe,Sivasspor,3,3,49%,51%,20,9,8,4,9,4,3,1,14,17,6,1,3,4,1,5,14,10,3,0,436,461,351,373,13,15,128,112,86,70,1,0,,,D
Ucy3sLNt,11.05.2019 15:00,Rizespor,Galatasaray,2,3,50%,50%,13,12,3,5,9,4,1,3,11,19,3,1,3,1,2,1,17,10,5,1,309,317,252,244,9,20,70,75,58,58,1,0,,,A
CMQ7tuwm,10.05.2019 19:30,Antalyaspor,Bursaspor,0,1,57%,43%,3,16,1,5,2,10,0,1,21,14,0,8,2,1,4,1,13,20,4,3,489,358,379,260,8,9,100,91,64,77,1,0,,,A
KOPcYsoQ,06.05.2019 19:30,Alanyaspor,Konyaspor,2,4,64%,36%,18,8,7,4,10,3,1,1,15,19,11,6,2,2,0,5,16,13,3,6,428,248,344,158,14,14,125,100,103,63,0,0,,,A
x4CPT1gs,06.05.2019 19:30,Trabzonspor,Kayserispor,4,2,55%,45%,19,16,7,5,7,6,5,5,12,16,5,3,1,2,3,3,14,10,2,3,501,397,406,310,20,11,117,108,67,67,0,0,,,H
6LLgZNVJ,05.05.2019 18:00,Galatasaray,Besiktas,2,0,45%,55%,16,14,7,5,4,5,5,4,19,20,5,3,6,2,5,5,14,17,2,6,291,349,206,259,12,15,87,92,59,71,0,0,,,H
QPr7BKwD,05.05.2019 15:00,Akhisarspor,Yeni Malatyaspor,0,2,56%,44%,19,12,5,4,8,7,6,1,18,16,5,3,4,2,2,5,13,16,2,3,440,361,373,270,13,10,109,98,91,50,0,0,,,A
4GsBAvgJ,05.05.2019 15:00,Goztepe,Antalyaspor,4,1,52%,48%,17,9,11,1,1,4,5,4,9,8,6,0,2,1,0,7,7,9,0,6,475,444,407,377,11,11,80,67,76,42,0,1,,,H
GfBTSL8m,04.05.2019 18:00,Kasimpasa,Fenerbahce,1,3,38%,62%,9,14,2,6,6,5,1,3,16,17,5,9,2,5,3,1,15,12,5,0,335,547,270,470,6,15,92,95,48,81,0,0,,,A
v9paDt90,04.05.2019 15:00,Ankaragucu,Rizespor,2,2,45%,55%,10,16,3,5,5,7,2,4,14,15,7,4,1,1,3,1,15,13,5,2,345,442,266,350,19,13,110,134,86,88,0,0,,,D
Iaq3C0O6,04.05.2019 15:00,Erzurumspor,Bursaspor,2,0,56%,44%,8,15,3,2,3,8,2,5,13,12,4,7,2,2,2,1,9,11,3,2,447,334,343,221,12,25,118,108,58,60,0,0,,,H
dpefEMgf,03.05.2019 19:30,Sivasspor,Basaksehir,0,0,37%,63%,5,12,1,5,3,5,1,2,18,16,2,9,0,3,5,1,15,16,3,4,381,640,274,550,19,14,97,114,42,82,0,0,,,D
lKinGrPs,29.04.2019 19:00,Konyaspor,Galatasaray,0,0,34%,66%,4,11,2,0,1,7,1,4,8,10,4,7,2,2,0,2,8,6,1,1,320,625,231,553,11,5,94,143,49,102,0,0,,,D
nB5KKOGQ,29.04.2019 19:00,Yeni Malatyaspor,Kasimpasa,2,1,50%,50%,12,12,5,6,4,3,3,3,15,13,12,3,3,1,5,3,9,15,3,5,416,420,310,348,17,12,84,85,60,41,0,0,,,H
IuHH03Pf,28.04.2019 18:00,Besiktas,Ankaragucu,4,1,45%,55%,10,15,5,8,3,3,2,4,20,15,2,9,1,3,7,1,15,18,2,3,342,400,242,309,18,12,109,109,51,88,0,0,,,H
UZAFL41K,28.04.2019 15:00,Bursaspor,Akhisarspor,0,0,56%,44%,20,11,2,2,15,7,3,2,16,17,7,4,0,2,2,2,17,14,1,3,427,353,318,221,16,12,116,85,90,52,0,0,,,D
ve5Qbsf7,28.04.2019 15:00,Kayserispor,Alanyaspor,1,1,52%,48%,13,15,7,3,3,8,3,4,18,18,2,6,2,2,2,6,16,16,2,3,363,323,280,243,18,27,89,59,65,51,0,0,,,D
dWFLaNv1,27.04.2019 18:00,Fenerbahce,Trabzonspor,1,1,57%,43%,16,17,5,5,7,6,4,6,21,17,5,2,1,1,4,4,17,20,5,2,456,364,361,273,20,27,122,103,94,47,1,0,,,D
jqCBMpnE,27.04.2019 15:00,Antalyaspor,Erzurumspor,1,1,54%,46%,11,17,2,4,5,8,4,5,8,13,2,5,5,1,3,1,7,8,1,1,520,433,455,370,13,9,85,81,63,72,0,0,,,D
xtOTc19D,27.04.2019 15:00,Rizespor,Sivasspor,0,0,66%,34%,23,6,5,3,12,1,6,2,12,12,5,2,2,1,3,5,10,11,1,3,670,347,572,245,15,20,155,107,116,68,0,0,,,D
rsijF2vl,26.04.2019 19:30,Basaksehir,Goztepe,0,2,74%,26%,23,8,5,4,12,3,6,1,12,16,9,1,6,2,2,5,11,10,2,1,752,268,661,175,10,15,123,88,98,36,0,0,,,A
Aegp0WYq,22.04.2019 19:00,Sivasspor,Besiktas,1,2,35%,65%,8,21,4,6,3,11,1,4,17,20,4,8,2,2,4,3,18,15,1,3,299,570,206,478,18,19,97,147,62,92,0,0,,,A
l6CD1qAl,21.04.2019 18:00,Alanyaspor,Fenerbahce,1,0,46%,54%,25,7,8,1,11,4,6,2,16,17,10,4,5,2,1,7,12,14,0,1,361,436,280,320,17,17,115,114,88,59,0,0,,,H
UHauKiQF,21.04.2019 15:00,Basaksehir,Rizespor,1,1,62%,38%,16,9,5,1,6,6,5,2,20,13,7,2,0,2,0,4,14,19,0,4,549,334,412,238,16,16,105,77,99,61,0,0,,,D
AFD92Pfr,21.04.2019 12:30,Ankaragucu,Konyaspor,0,0,58%,42%,12,12,5,1,6,5,1,6,16,19,1,4,2,1,1,5,15,15,1,2,467,340,346,213,18,19,86,83,52,53,0,0,,,D
4Ihlajlj,20.04.2019 18:00,Galatasaray,Kayserispor,3,1,74%,26%,17,11,7,5,6,5,4,1,18,12,6,3,3,3,4,4,9,16,3,5,710,248,642,193,9,10,98,70,70,34,0,1,,,H
GEeyLXA9,20.04.2019 18:00,Goztepe,Erzurumspor,0,1,50%,50%,22,11,5,6,10,4,7,1,14,19,11,6,3,2,5,5,17,12,2,3,417,437,311,326,16,12,117,114,108,68,0,0,,,A
MidXLDe3,20.04.2019 15:00,Akhisarspor,Antalyaspor,1,2,65%,35%,21,10,9,6,11,4,1,0,9,18,17,1,3,1,4,8,15,8,2,2,536,307,453,231,13,17,140,87,147,34,0,0,,,A
r1cTMgtc,20.04.2019 15:00,Trabzonspor,Yeni Malatyaspor,2,1,62%,38%,20,11,8,3,8,6,4,2,15,14,7,3,1,0,2,6,13,15,2,3,538,333,473,252,18,32,96,79,64,49,0,1,,,H
r9ihbA3d,19.04.2019 19:30,Kasimpasa,Bursaspor,1,1,50%,50%,10,17,2,5,5,9,3,3,16,18,3,4,2,1,4,1,16,15,2,1,409,410,277,266,18,14,92,116,65,102,0,0,,,D
CKD96YeG,15.04.2019 19:00,Erzurumspor,Akhisarspor,2,1,48%,52%,16,13,5,8,11,3,0,2,14,11,6,3,0,5,7,3,11,9,1,2,418,461,333,360,11,12,105,108,78,73,0,0,,,H
YZ1I4CQS,14.04.2019 18:00,Fenerbahce,Galatasaray,1,1,37%,63%,6,14,2,2,4,7,0,5,13,18,2,5,3,2,1,1,14,12,5,4,299,517,205,434,20,11,86,120,43,88,1,0,,,D
I1U6nD4p,14.04.2019 15:00,Antalyaspor,Kasimpasa,1,0,36%,64%,10,25,5,7,3,14,2,4,17,17,4,5,0,4,7,4,15,11,2,2,263,433,188,357,16,23,81,97,55,93,1,0,,,H
jBCD5hBM,14.04.2019 15:00,Yeni Malatyaspor,Alanyaspor,1,1,60%,40%,18,8,5,4,7,3,6,1,14,14,3,4,0,1,3,4,14,15,1,5,426,284,359,200,12,24,120,85,111,46,1,1,,,D
MVKd9zCc,14.04.2019 12:30,Kayserispor,Ankaragucu,0,2,57%,43%,12,12,3,6,4,4,5,2,13,9,2,6,2,0,4,3,6,13,0,1,497,365,409,283,21,13,123,105,77,63,0,0,,,A
ro957EtA,13.04.2019 18:00,Besiktas,Basaksehir,2,1,47%,53%,15,12,6,5,8,4,1,3,19,16,10,4,0,1,4,4,14,16,2,2,398,477,311,367,15,17,113,114,77,67,0,0,,,H
4fA18fR3,13.04.2019 15:00,Konyaspor,Sivasspor,1,1,45%,55%,6,8,3,3,3,1,0,4,14,15,0,4,2,4,2,2,10,10,2,1,471,455,347,319,17,19,142,128,66,72,0,0,,,D
AeHhAGdi,13.04.2019 15:00,Rizespor,Goztepe,1,0,56%,44%,15,8,8,2,5,1,2,5,16,19,3,6,1,1,2,7,18,15,2,1,451,352,359,258,26,20,129,123,72,80,0,0,,,H
dhTAoXJj,12.04.2019 19:30,Bursaspor,Trabzonspor,0,1,52%,48%,18,11,3,3,9,6,6,2,12,19,10,7,2,1,2,3,18,11,3,3,370,348,272,248,32,23,106,88,90,52,0,0,,,A
4flWhFRG,08.04.2019 19:00,Rizespor,Besiktas,2,7,60%,40%,19,11,6,11,9,0,4,0,11,14,3,2,6,2,4,4,8,10,1,2,528,363,427,273,13,13,112,108,84,46,0,0,,,A
bHmzhZtN,07.04.2019 18:00,Basaksehir,Konyaspor,2,0,63%,37%,15,13,4,4,4,7,7,2,13,14,8,5,5,3,4,2,9,11,1,2,614,357,520,273,15,14,90,85,71,48,0,0,,,H
x8nvigdT,07.04.2019 15:00,Ankaragucu,Fenerbahce,1,1,36%,64%,12,14,3,6,6,5,3,3,8,23,5,7,3,0,5,2,20,8,4,3,302,533,228,447,14,16,76,100,51,79,1,1,,,D
jipSgeCA,07.04.2019 15:00,Goztepe,Akhisarspor,0,1,57%,43%,19,12,5,3,10,6,4,3,18,16,14,7,1,3,2,5,15,15,3,3,481,369,388,271,18,15,111,88,108,68,0,0,,,A
8SfNfyc4,07.04.2019 12:30,Kasimpasa,Erzurumspor,2,1,41%,59%,19,13,5,3,9,6,5,4,11,17,6,4,2,0,2,3,15,11,1,1,373,528,297,454,20,10,86,99,62,61,0,0,,,H
z1sGdcSi,06.04.2019 18:00,Galatasaray,Yeni Malatyaspor,3,0,67%,33%,25,8,6,2,8,3,11,3,13,12,12,1,2,1,2,3,9,14,2,2,499,257,429,175,17,20,114,68,118,61,0,0,,,H
dArCcwDo,06.04.2019 15:00,Alanyaspor,Bursaspor,1,0,56%,44%,18,10,4,3,8,3,6,4,13,17,4,2,3,0,3,3,15,13,6,2,398,321,292,196,17,23,92,85,72,64,0,0,,,H
f54TYgzo,06.04.2019 15:00,Sivasspor,Kayserispor,1,3,58%,42%,17,10,8,8,5,1,4,1,13,14,4,4,1,2,5,7,14,14,2,3,474,341,390,250,13,19,113,101,100,62,0,0,,,A
UydJeHsb,05.04.2019 19:30,Trabzonspor,Antalyaspor,4,1,61%,39%,21,12,7,3,7,8,7,1,15,12,8,1,1,3,2,3,12,12,1,1,531,347,444,268,24,22,99,63,91,41,0,0,,,H
r7Ixqvbh,17.03.2019 17:00,Bursaspor,Galatasaray,2,3,44%,56%,13,9,5,3,6,5,2,1,9,13,5,3,1,1,0,3,14,8,2,6,370,470,276,379,21,15,128,145,86,92,0,0,,,A
MiUTp0Tu,17.03.2019 14:00,Kayserispor,Basaksehir,1,1,29%,71%,12,34,6,10,5,19,1,5,10,15,1,15,2,0,9,5,14,9,3,1,246,592,166,523,16,12,74,131,33,129,0,0,,,D
fsMtrbDb,17.03.2019 11:30,Yeni Malatyaspor,Ankaragucu,3,1,43%,57%,8,11,4,3,3,7,1,1,17,13,4,4,1,4,2,1,12,15,2,2,354,484,268,383,11,14,85,96,55,62,0,0,,,H
OMDcvGCN,16.03.2019 17:00,Antalyaspor,Alanyaspor,3,0,40%,60%,9,12,4,5,3,7,2,0,12,18,1,5,1,2,5,1,17,10,3,2,355,505,264,406,14,13,77,110,34,94,0,0,,,H
IqD1wzST,16.03.2019 17:00,Besiktas,Goztepe,1,0,65%,35%,6,13,1,5,2,6,3,2,15,23,3,4,3,2,5,0,20,13,0,2,621,317,526,229,14,17,135,108,74,76,0,0,,,H
0rTXqKrn,16.03.2019 14:00,Akhisarspor,Kasimpasa,2,3,45%,55%,15,16,7,7,5,5,3,4,14,13,7,6,2,0,4,5,11,15,1,0,418,511,312,418,15,20,100,101,68,81,0,0,,,A
pWEgudcH,16.03.2019 14:00,Erzurumspor,Trabzonspor,0,1,53%,47%,20,13,7,3,8,10,5,0,13,13,3,4,1,2,2,7,11,13,2,3,450,395,372,311,22,20,99,95,78,55,0,0,,,A
SfKltxrB,16.03.2019 11:30,Konyaspor,Rizespor,0,2,47%,53%,9,10,1,4,5,4,3,2,14,13,6,3,1,2,2,1,16,17,1,2,432,504,331,397,21,16,83,83,74,49,1,0,,,A
l4LpsIS4,15.03.2019 18:30,Fenerbahce,Sivasspor,2,1,57%,43%,15,11,5,2,8,5,2,4,26,11,9,7,2,4,1,3,10,20,3,2,474,352,376,255,26,18,98,99,72,68,0,0,,,H
2mc3Uvqa,11.03.2019 18:00,Galatasaray,Antalyaspor,5,0,59%,41%,15,14,7,7,5,6,3,1,12,8,6,6,3,1,7,2,5,11,2,1,491,333,414,269,26,17,97,109,70,67,0,0,,,H
l4aFRxTH,10.03.2019 17:00,Besiktas,Konyaspor,3,2,62%,38%,20,4,12,3,7,1,1,0,23,16,9,1,2,4,1,9,14,20,2,3,605,392,501,283,10,7,161,110,118,44,0,0,,,H
z1eBSIDB,10.03.2019 14:00,Goztepe,Kasimpasa,0,0,56%,44%,12,4,2,2,8,1,2,1,27,17,7,1,3,2,2,2,14,25,1,3,446,349,354,252,22,23,109,106,81,53,0,0,,,D
WSlKQdrO,10.03.2019 14:00,Rizespor,Kayserispor,3,0,49%,51%,12,16,6,4,4,10,2,2,10,17,4,5,3,0,4,3,14,10,3,1,420,430,328,338,12,6,84,107,56,65,0,0,,,H
ros2W0En,10.03.2019 11:30,Alanyaspor,Erzurumspor,2,1,53%,47%,18,6,6,3,8,2,4,1,18,18,6,2,6,0,2,4,13,21,1,2,419,377,346,278,10,15,115,117,99,77,0,0,,,H
AJmOPGcU,09.03.2019 17:00,Ankaragucu,Bursaspor,0,0,53%,47%,10,12,4,2,5,6,1,4,8,11,5,4,0,2,2,4,11,7,1,1,457,392,337,287,10,17,114,117,63,71,0,0,,,D
Myt6VKTh,09.03.2019 17:00,Basaksehir,Fenerbahce,2,1,44%,56%,17,12,3,4,9,6,5,2,12,16,3,4,3,2,3,1,14,10,2,2,423,524,340,446,14,21,108,88,73,58,0,0,,,H
tvd7Tbb5,09.03.2019 14:00,Trabzonspor,Akhisarspor,2,1,59%,41%,17,10,8,4,8,5,1,1,20,21,7,0,1,0,3,6,20,21,5,3,489,343,403,268,15,8,109,77,89,54,0,0,,,H
lOsbXtat,08.03.2019 18:30,Sivasspor,Yeni Malatyaspor,2,0,47%,53%,13,10,5,3,6,6,2,1,17,20,6,10,1,1,3,3,18,17,1,3,353,406,247,296,16,8,104,99,63,55,0,0,,,H
djxrR5x7,04.03.2019 18:00,Akhisarspor,Alanyaspor,3,1,48%,52%,8,8,4,1,2,7,2,0,22,22,5,4,1,1,1,1,20,21,1,2,423,457,302,344,11,22,138,141,87,74,0,0,,,H
8GQRUmwr,04.03.2019 18:00,Kasimpasa,Trabzonspor,2,2,52%,48%,14,10,8,5,5,5,1,0,12,14,6,1,0,0,3,6,13,12,3,2,534,502,447,408,29,16,114,106,82,54,0,0,,,D
zsynQPiD,03.03.2019 17:00,Erzurumspor,Galatasaray,1,1,47%,53%,18,14,6,4,7,7,5,3,2,7,6,9,4,1,3,5,11,11,0,1,331,379,252,288,16,19,84,93,77,95,0,0,,,D
lQYZSR7f,03.03.2019 14:00,Yeni Malatyaspor,Basaksehir,0,2,41%,59%,9,9,2,5,6,4,1,0,15,10,4,3,1,3,3,2,10,12,2,3,331,470,240,375,11,12,92,103,59,53,0,0,,,A
xnFUl9UD,03.03.2019 11:30,Konyaspor,Goztepe,1,1,57%,43%,13,12,7,2,1,7,5,3,15,13,3,5,0,5,1,6,14,11,3,4,503,369,406,276,20,19,85,71,79,70,0,1,,,D
jyv0ZTUQ,02.03.2019 17:00,Fenerbahce,Rizespor,3,2,60%,40%,22,9,7,4,8,5,7,0,17,14,9,2,1,4,2,4,13,13,2,4,529,360,437,266,9,15,116,89,84,43,0,1,,,H
61qVT7hl,02.03.2019 14:00,Bursaspor,Sivasspor,3,2,53%,47%,12,4,5,3,5,1,2,0,12,21,7,1,1,2,1,2,21,10,3,1,454,408,356,315,21,12,102,81,62,39,0,0,,,H
SGXwSoN0,02.03.2019 14:00,Kayserispor,Besiktas,2,2,40%,60%,14,10,5,4,5,5,4,1,14,18,4,7,4,3,2,3,16,11,3,3,318,470,211,378,13,17,87,107,57,67,0,0,,,D
CpudzAFK,01.03.2019 18:30,Antalyaspor,Ankaragucu,2,4,56%,44%,17,10,5,4,8,3,4,3,24,9,4,4,1,1,0,3,8,23,3,6,423,342,342,248,11,14,112,96,65,48,0,0,,,A
GIomxWp8,25.02.2019 19:00,Besiktas,Fenerbahce,3,3,39%,61%,9,16,5,4,3,8,1,4,17,22,3,5,0,1,1,2,22,19,2,4,317,482,209,371,18,19,101,110,57,69,0,0,,,D
f9piyj0E,24.02.2019 17:00,Basaksehir,Bursaspor,3,0,47%,53%,11,14,6,3,4,8,1,3,15,14,3,5,1,3,3,3,13,13,0,2,407,456,243,282,19,5,102,138,50,98,0,0,,,H
lCg1ESh1,24.02.2019 17:00,Galatasaray,Akhisarspor,1,0,72%,28%,21,4,6,1,9,2,6,1,28,15,15,2,0,4,1,5,15,24,2,6,603,237,516,165,12,13,96,79,113,43,0,0,,,H
2Fc5Dn87,24.02.2019 14:00,Konyaspor,Kayserispor,0,1,62%,38%,8,10,1,2,4,5,3,3,14,9,6,4,2,4,1,1,7,10,2,1,619,362,523,262,15,22,123,99,75,52,0,0,,,A
6m4dF8we,24.02.2019 11:30,Ankaragucu,Erzurumspor,2,1,54%,46%,14,14,6,6,7,3,1,5,12,27,2,6,4,2,5,4,23,12,2,2,458,388,340,266,19,12,87,107,59,59,0,1,,,H
zaUHMjoL,23.02.2019 14:00,Alanyaspor,Kasimpasa,3,0,52%,48%,19,5,9,2,8,3,2,0,21,20,5,6,4,7,2,6,16,16,3,2,486,443,378,340,25,16,99,109,78,57,0,1,,,H
Sd5hGlOl,23.02.2019 11:30,Sivasspor,Antalyaspor,1,2,55%,45%,11,8,4,4,5,4,2,0,6,17,7,5,0,3,2,3,17,9,1,2,514,431,392,333,13,24,99,93,62,53,0,0,,,A
INJMLA0R,22.02.2019 18:30,Goztepe,Trabzonspor,1,3,55%,45%,8,13,1,6,5,6,2,1,8,13,10,3,0,0,3,0,13,9,2,1,515,417,382,321,18,17,100,79,90,53,0,0,,,A
KW5lHU8r,22.02.2019 18:30,Rizespor,Yeni Malatyaspor,3,0,58%,42%,14,11,6,3,5,5,3,3,19,13,3,2,3,0,3,3,11,18,2,3,539,387,420,261,10,13,101,93,63,53,0,0,,,H
AcdPG0c2,18.02.2019 18:00,Antalyaspor,Basaksehir,0,1,40%,60%,8,17,3,8,4,6,1,3,19,12,8,5,2,4,7,3,12,15,3,2,316,485,242,398,17,16,87,103,62,66,0,0,,,A
Q9fDJ2Dq,17.02.2019 17:00,Kasimpasa,Galatasaray,1,4,35%,65%,13,10,5,6,6,3,2,1,11,18,8,4,2,1,2,4,16,10,3,5,340,666,275,597,15,19,78,120,82,72,0,0,,,A
xpbHIMSk,17.02.2019 14:00,Kayserispor,Goztepe,2,1,45%,55%,15,8,4,2,8,1,3,5,10,12,3,5,2,0,1,2,10,10,4,1,394,469,311,375,14,19,111,131,60,60,0,0,,,H
KSHpOr5S,17.02.2019 14:00,Trabzonspor,Alanyaspor,0,2,62%,38%,13,10,2,6,3,2,8,2,16,21,4,2,2,0,4,2,17,17,1,2,549,329,450,233,24,42,102,89,79,66,0,0,,,A
W6cLHtrd,17.02.2019 11:30,Erzurumspor,Sivasspor,4,2,45%,55%,12,18,6,6,3,9,3,3,15,12,2,5,2,1,4,2,15,13,2,5,329,396,247,306,24,19,98,101,67,73,0,0,,,H
MeQDNWVE,16.02.2019 17:00,Fenerbahce,Konyaspor,1,1,68%,32%,18,3,3,2,7,1,8,0,11,23,11,3,7,1,1,2,16,10,3,1,575,278,493,182,14,8,91,82,80,22,0,1,,,D
lrS5Ph12,16.02.2019 14:00,Bursaspor,Rizespor,0,2,57%,43%,17,5,2,5,7,0,8,0,23,17,8,4,2,1,3,2,14,22,3,2,444,357,337,239,8,25,119,91,91,47,0,0,,,A
txJtPOkM,16.02.2019 11:30,Akhisarspor,Ankaragucu,0,0,67%,33%,17,9,8,2,3,5,6,2,25,16,9,0,4,2,2,8,11,23,4,4,478,239,388,140,15,21,118,99,99,35,0,1,,,D
SYQ9OCG8,15.02.2019 18:30,Yeni Malatyaspor,Besiktas,1,2,34%,66%,4,18,1,7,3,8,0,3,21,11,3,10,3,1,5,0,8,20,1,1,292,557,198,467,10,10,78,99,43,71,1,0,,,A
GKGFAPzT,11.02.2019 18:00,Ankaragucu,Kasimpasa,3,0,47%,53%,8,15,5,2,3,9,0,4,12,17,4,4,1,0,2,2,16,12,3,1,395,427,305,335,29,18,111,110,67,99,0,0,,,H
OtYs4NDd,11.02.2019 18:00,Sivasspor,Akhisarspor,2,1,44%,56%,13,13,6,3,5,9,2,1,10,18,3,8,0,4,2,4,18,13,4,2,423,517,340,441,26,10,106,121,44,72,1,0,,,H
xpMPS6jc,10.02.2019 17:00,Galatasaray,Trabzonspor,3,1,62%,38%,18,14,9,4,6,5,3,5,11,17,4,9,0,0,3,6,17,12,4,1,545,322,465,257,20,21,121,76,77,59,0,0,,,H
jmQTRQ53,10.02.2019 14:00,Goztepe,Alanyaspor,3,2,45%,55%,14,14,7,6,6,7,1,1,17,15,1,5,2,3,4,4,13,14,8,4,352,419,241,319,25,12,95,98,64,77,1,0,,,H
C2ExQ4zG,10.02.2019 11:30,Konyaspor,Yeni Malatyaspor,1,1,64%,36%,8,8,4,3,4,4,0,1,18,13,4,1,1,1,2,3,12,18,5,4,620,343,533,240,9,14,132,87,86,49,0,0,,,D
YBFYQpL9,09.02.2019 17:00,Besiktas,Bursaspor,2,0,55%,45%,11,8,7,3,3,5,1,0,16,19,4,3,2,2,3,5,17,14,1,1,496,408,394,311,20,21,140,115,66,57,0,0,,,H
McHBB5LM,09.02.2019 14:00,Basaksehir,Erzurumspor,1,1,54%,46%,9,13,2,2,5,10,2,1,13,22,3,6,1,2,1,1,21,12,3,1,461,382,370,296,9,14,84,95,67,77,0,0,,,D
pjZw53bj,09.02.2019 14:00,Rizespor,Antalyaspor,1,1,46%,54%,20,25,5,4,7,15,8,6,13,17,7,8,2,0,3,4,15,13,2,1,385,431,300,355,11,11,93,92,64,92,0,0,,,D
IT2s6qqp,08.02.2019 18:30,Kayserispor,Fenerbahce,1,0,54%,46%,13,8,5,2,4,4,4,2,19,16,3,5,4,3,2,4,14,18,2,5,446,368,374,290,13,19,127,97,76,59,0,2,,,H
8fD7Co6G,04.02.2019 18:00,Bursaspor,Konyaspor,0,0,59%,41%,17,4,3,3,7,1,7,0,16,14,4,4,3,3,3,3,11,15,0,2,501,358,379,242,10,6,141,114,75,43,0,0,,,D
QZw4hQEp,03.02.2019 17:00,Antalyaspor,Besiktas,2,6,50%,50%,11,13,4,7,5,5,2,1,14,18,7,7,7,0,1,2,12,14,3,2,360,364,273,261,13,18,95,88,55,52,0,0,,,A
vFLjGT6i,03.02.2019 14:00,Akhisarspor,Basaksehir,0,3,59%,41%,22,18,6,6,8,9,8,3,20,18,5,3,5,2,3,6,14,17,4,3,486,342,402,239,11,16,108,87,90,49,0,0,,,A
I5KfFmMc,03.02.2019 11:30,Erzurumspor,Rizespor,0,1,52%,48%,10,6,2,1,2,5,6,0,15,16,17,1,1,1,0,2,15,14,1,1,363,356,286,263,8,13,90,91,73,37,0,0,,,A
QVN2DRjA,02.02.2019 17:00,Alanyaspor,Galatasaray,1,1,45%,55%,13,5,7,3,4,0,2,2,19,24,2,3,1,1,2,6,22,18,3,5,380,489,290,406,24,12,104,117,78,48,0,0,,,D
YwGzAhpI,02.02.2019 14:00,Kasimpasa,Sivasspor,1,3,49%,51%,5,21,3,8,2,11,0,2,12,15,3,11,0,2,5,2,15,10,3,0,445,452,362,354,21,23,120,108,64,97,0,0,,,A
xAs8ipUj,02.02.2019 14:00,Trabzonspor,Ankaragucu,1,0,59%,41%,21,13,8,5,8,4,5,4,20,21,2,5,2,3,5,7,19,17,4,3,450,303,370,204,15,24,89,84,66,63,0,0,,,H
nuPbE7y4,02.02.2019 11:30,Yeni Malatyaspor,Kayserispor,1,1,59%,41%,7,7,5,4,2,3,,,16,14,4,3,3,0,3,4,11,16,0,3,,,,,,,90,67,59,36,0,0,,,D
fmHWAYUB,01.02.2019 18:30,Fenerbahce,Goztepe,2,0,62%,38%,12,6,4,3,5,2,3,1,19,18,3,2,3,2,3,2,16,15,3,3,608,367,501,281,21,15,139,103,82,52,0,1,,,H
jeKFEGVn,28.01.2019 18:00,Ankaragucu,Alanyaspor,0,2,55%,45%,8,11,3,4,2,4,3,3,21,16,4,3,2,0,2,3,14,21,5,1,468,407,375,317,18,22,140,104,80,68,0,0,,,A
8WUAFdGt,28.01.2019 18:00,Basaksehir,Kasimpasa,2,0,51%,49%,14,9,5,2,5,5,4,2,11,20,7,2,2,3,2,3,18,8,2,0,484,487,400,388,24,19,78,71,73,65,0,0,,,H
xCMRBEF5,28.01.2019 18:00,Fenerbahce,Yeni Malatyaspor,3,2,66%,34%,19,8,8,4,7,3,4,1,22,23,6,4,3,3,2,5,21,20,5,4,498,252,422,160,17,10,73,59,59,27,0,0,,,H
I16hcF0C,27.01.2019 17:00,Sivasspor,Trabzonspor,1,1,51%,49%,15,15,5,6,6,5,4,4,15,14,3,5,3,2,5,4,11,14,0,1,465,448,355,338,21,28,85,91,68,68,0,0,,,D
vHf1egVO,27.01.2019 14:00,Konyaspor,Antalyaspor,2,0,60%,40%,11,7,4,2,4,5,3,0,13,21,5,1,2,3,2,2,19,10,1,1,560,369,451,272,11,11,102,75,71,42,0,0,,,H
bLNNCf0a,27.01.2019 11:30,Rizespor,Akhisarspor,3,1,71%,29%,25,9,6,4,9,3,10,2,10,15,6,1,2,3,3,3,16,13,2,1,633,265,562,197,17,10,122,78,96,49,0,1,,,H
4bOJDzog,26.01.2019 17:00,Goztepe,Galatasaray,0,1,45%,55%,16,9,1,6,8,2,7,1,8,14,13,3,2,6,5,1,17,12,3,3,277,365,168,259,15,23,99,123,49,61,0,0,,,A
0QecdZFI,26.01.2019 14:00,Kayserispor,Bursaspor,1,1,49%,51%,7,12,4,3,1,6,2,3,10,19,8,7,5,1,2,3,15,9,2,2,412,432,295,314,4,15,85,110,45,52,1,0,,,D
6NrqKx8P,25.01.2019 18:30,Besiktas,Erzurumspor,1,1,63%,37%,15,10,5,3,7,4,3,3,14,16,11,2,1,0,2,4,15,14,4,4,547,318,410,191,14,23,121,83,115,62,1,0,,,D
Ay3payWa,21.01.2019 18:00,Bursaspor,Fenerbahce,1,1,48%,52%,13,5,4,3,8,2,1,0,21,19,3,7,1,3,2,3,18,18,4,2,437,342,308,209,16,19,91,83,61,41,0,0,,,D
Kh527aOJ,21.01.2019 18:00,Kasimpasa,Rizespor,0,1,55%,45%,22,7,6,2,6,4,10,1,22,14,10,3,1,3,1,6,13,19,2,4,570,336,455,238,13,30,122,90,118,55,0,0,,,A
ImRJrGoJ,20.01.2019 17:00,Trabzonspor,Basaksehir,2,4,49%,51%,20,10,10,8,6,1,4,1,15,17,8,4,1,0,4,8,17,15,3,2,453,473,341,373,15,21,106,88,82,56,0,0,,,A
IwO56JwQ,20.01.2019 14:00,Alanyaspor,Sivasspor,2,0,50%,50%,19,9,8,0,7,8,4,1,14,18,8,2,5,0,0,6,13,15,0,3,463,453,349,344,20,10,95,98,86,59,0,0,,,H
vcSFqdWC,19.01.2019 17:00,Galatasaray,Ankaragucu,6,0,67%,33%,23,11,10,3,9,5,4,3,15,15,0,2,2,1,3,4,13,13,3,3,657,324,589,272,16,8,95,73,65,53,0,0,,,H
Wp4t0HGg,19.01.2019 14:00,Antalyaspor,Kayserispor,0,0,41%,59%,3,16,0,2,2,8,1,6,14,17,2,6,4,1,2,0,13,13,0,1,382,492,307,417,7,16,100,121,52,87,0,0,,,D
E99y1c1m,19.01.2019 11:30,Erzurumspor,Konyaspor,1,2,67%,33%,14,10,3,4,7,3,4,3,17,14,8,4,2,2,2,2,11,15,3,4,528,264,413,162,12,11,125,88,90,43,0,0,,,A
4b2lbeo6,19.01.2019 11:30,Yeni Malatyaspor,Goztepe,3,2,36%,64%,9,10,5,3,4,5,0,2,11,13,2,11,0,1,1,2,13,11,1,1,275,471,184,373,13,20,88,113,44,98,0,0,,,H
zJAX1wns,18.01.2019 18:30,Akhisarspor,Besiktas,0,3,52%,48%,15,11,5,5,6,3,4,3,19,17,8,2,6,2,5,5,12,18,3,4,439,411,360,318,18,15,91,72,86,49,0,0,,,A
z5VbmvXm,24.12.2018 18:00,Akhisarspor,Konyaspor,0,0,50%,50%,8,10,3,3,5,3,0,4,14,17,0,4,4,1,3,3,14,15,3,3,409,414,317,302,12,19,90,105,77,71,0,0,,,D
vZqTh09Q,24.12.2018 18:00,Antalyaspor,Fenerbahce,0,0,39%,61%,7,19,3,6,1,11,3,2,16,15,2,9,3,4,6,3,12,11,1,4,357,530,288,451,10,21,69,98,42,83,0,1,,,D
bNSVgtfK,23.12.2018 17:00,Galatasaray,Sivasspor,4,2,52%,48%,15,16,5,7,6,8,4,1,5,18,7,5,1,1,5,1,18,4,2,2,448,411,348,309,15,14,97,85,62,66,0,0,,,H
ANNBpxH6,23.12.2018 14:00,Bursaspor,Yeni Malatyaspor,1,1,60%,40%,8,4,2,1,4,2,2,1,11,14,5,1,1,0,0,1,13,11,1,3,539,356,453,256,15,12,107,83,74,23,0,1,,,D
l8Z2nbnf,23.12.2018 14:00,Trabzonspor,Rizespor,4,1,49%,51%,18,13,5,6,7,5,6,2,9,21,6,4,3,0,5,1,18,9,4,2,418,425,335,336,11,22,95,118,68,71,0,0,,,H
trWflKHs,23.12.2018 11:30,Erzurumspor,Kayserispor,1,1,60%,40%,20,7,5,3,10,3,5,1,11,13,5,3,0,0,2,4,14,12,2,6,492,327,414,246,13,9,105,75,65,32,0,0,,,D
KWTRfMvE,22.12.2018 17:00,Kasimpasa,Besiktas,4,1,40%,60%,12,16,7,6,3,8,2,2,14,18,4,3,6,0,5,3,14,15,3,3,314,476,240,406,25,18,92,99,60,69,0,0,,,H
WWO7oI10,22.12.2018 14:00,Alanyaspor,Basaksehir,1,1,34%,66%,13,12,7,6,6,5,0,1,18,17,1,3,4,5,5,6,13,12,3,2,302,619,230,525,21,13,103,164,59,91,1,0,,,D
6TupWx2D,22.12.2018 11:30,Ankaragucu,Goztepe,0,3,52%,48%,13,11,1,4,7,5,5,2,20,15,4,3,0,2,1,1,16,18,2,1,401,372,314,276,23,20,89,103,68,71,0,0,,,A
hQytXIn7,17.12.2018 18:00,Fenerbahce,Erzurumspor,2,2,56%,44%,14,6,5,3,8,2,1,1,17,11,7,1,0,1,1,3,11,17,0,3,575,459,471,367,18,14,134,101,89,49,0,0,,,D
WAmXYvIf,16.12.2018 17:00,Besiktas,Trabzonspor,2,2,61%,39%,18,14,8,7,8,6,2,1,13,18,10,8,2,0,5,6,16,14,3,1,463,297,368,197,20,10,107,105,95,78,0,0,,,D
C64ls3AE,16.12.2018 14:00,Kayserispor,Akhisarspor,1,0,52%,48%,13,7,5,2,6,4,2,1,11,22,3,6,3,3,2,4,19,8,2,1,439,405,347,319,11,12,127,134,73,84,0,0,,,H
I37dusuR,16.12.2018 11:30,Yeni Malatyaspor,Antalyaspor,2,0,41%,59%,12,8,3,1,7,5,2,2,21,17,2,2,1,2,1,1,16,18,2,4,333,470,245,390,11,14,89,87,38,59,1,1,,,H
2yqTZK2l,15.12.2018 17:00,Basaksehir,Galatasaray,1,1,,,,,,,,,,,,,,,,,,,,,,,,,,,,,,,,,0,0,,,D
A1nyYbX0,15.12.2018 14:00,Konyaspor,Kasimpasa,3,2,46%,54%,10,20,3,6,3,7,4,7,13,10,3,8,1,1,4,0,9,11,2,6,371,405,279,325,26,8,88,111,37,83,0,0,,,H
YF5prqe8,15.12.2018 11:30,Rizespor,Alanyaspor,1,1,,,,,,,,,,,,,,,,,,,,,,,,,,,,,,,,,0,0,,,D
OppPz1mr,15.12.2018 11:30,Sivasspor,Ankaragucu,4,0,53%,47%,19,10,8,4,8,3,3,3,8,11,9,6,1,2,4,4,13,11,1,4,442,393,367,313,19,10,95,84,75,68,0,0,,,H
6T3htNPK,14.12.2018 18:30,Goztepe,Bursaspor,0,0,43%,57%,8,6,2,3,4,3,2,0,8,15,3,6,3,2,3,2,15,13,1,3,390,514,276,396,23,15,94,125,63,72,0,0,,,D
z345sC4c,10.12.2018 18:00,Ankaragucu,Basaksehir,0,1,35%,65%,8,15,1,8,6,3,1,4,16,8,0,7,1,2,7,1,10,14,0,1,381,711,312,653,7,11,70,131,37,77,0,0,,,A
AsKkM1Yl,10.12.2018 18:00,Kasimpasa,Kayserispor,0,3,61%,39%,25,17,5,10,16,7,4,0,8,11,11,3,1,1,7,5,13,15,3,2,450,302,356,210,10,21,101,90,96,47,0,0,,,A
IRgAtWJ3,09.12.2018 17:00,Akhisarspor,Fenerbahce,3,0,40%,60%,12,16,4,4,8,6,0,6,5,10,2,7,2,3,4,1,13,7,2,1,368,559,293,467,18,13,122,129,56,84,0,0,,,H
dbM1JaI7,09.12.2018 14:00,Bursaspor,Antalyaspor,0,2,69%,31%,13,6,4,3,6,3,3,0,10,13,9,0,0,1,1,4,21,11,4,1,684,314,603,225,11,15,116,59,112,43,0,0,,,A
SIUpNsJr,09.12.2018 11:30,Erzurumspor,Yeni Malatyaspor,1,3,53%,47%,15,9,5,5,7,2,3,2,13,5,9,4,2,1,2,4,10,15,0,3,404,361,322,279,21,28,108,114,59,67,0,0,,,A
I7NcKu31,08.12.2018 17:00,Galatasaray,Rizespor,2,2,56%,44%,20,18,8,8,8,8,4,2,17,13,8,4,2,6,6,6,11,12,2,1,467,368,364,275,16,22,115,98,83,78,0,0,,,D
OpOgLLme,08.12.2018 14:00,Trabzonspor,Konyaspor,3,0,64%,36%,18,7,6,2,5,4,7,1,14,13,5,2,0,2,2,3,13,13,2,3,570,317,480,224,9,16,110,84,72,39,0,0,,,H
jg7HvAlG,08.12.2018 11:30,Sivasspor,Goztepe,2,0,51%,49%,15,7,6,1,5,4,4,2,14,13,7,3,0,2,1,4,13,13,3,4,426,430,337,346,15,15,84,80,56,44,0,1,,,H
dIhEujZ9,07.12.2018 18:00,Alanyaspor,Besiktas,0,0,44%,56%,13,9,3,3,7,4,3,2,19,20,7,10,5,4,3,3,15,16,3,2,374,465,262,355,22,20,94,113,74,86,0,0,,,D
Ma01rhki,03.12.2018 18:00,Fenerbahce,Kasimpasa,2,2,60%,40%,21,16,3,3,13,7,5,6,16,9,8,2,1,1,1,1,11,19,3,1,515,349,403,271,23,14,113,89,90,51,0,0,,,D
GbXvRjKG,03.12.2018 18:00,Yeni Malatyaspor,Akhisarspor,1,1,53%,47%,9,7,3,3,2,1,4,3,11,11,2,4,3,2,2,2,16,13,4,3,508,436,422,335,22,21,149,112,70,85,0,0,,,D
lCVnPUlT,02.12.2018 18:00,Besiktas,Galatasaray,1,0,48%,52%,14,11,5,2,6,9,3,0,16,23,6,5,2,2,2,4,21,14,4,4,380,413,271,295,16,14,89,105,60,71,0,0,,,H
4OTzSW4A,02.12.2018 14:00,Bursaspor,Erzurumspor,2,1,53%,47%,13,8,4,2,4,4,5,2,13,19,2,3,1,2,1,2,19,13,2,1,506,444,411,332,20,21,130,102,87,54,0,0,,,H
8dCJJ8Cj,01.12.2018 17:00,Kayserispor,Trabzonspor,0,2,54%,46%,7,18,2,7,4,9,1,2,17,15,2,5,1,0,5,2,15,16,5,1,405,356,315,267,12,20,114,95,65,64,0,0,,,A
ALWrQAZM,01.12.2018 14:00,Antalyaspor,Goztepe,1,0,39%,61%,8,15,4,3,3,7,1,5,18,10,6,4,1,1,3,3,17,17,2,1,326,519,239,438,17,13,91,106,67,74,0,0,,,H
r9uSThzb,01.12.2018 14:00,Basaksehir,Sivasspor,0,1,70%,30%,16,9,2,1,8,4,6,4,17,8,6,0,0,2,0,2,8,15,3,3,753,323,663,238,12,15,109,76,94,32,0,0,,,A
U5DFKlcp,30.11.2018 18:00,Konyaspor,Alanyaspor,2,0,47%,53%,7,8,2,2,4,5,1,1,9,12,2,3,3,3,2,2,10,10,3,2,419,453,327,347,15,13,96,90,48,50,0,1,,,H
MavWSCk4,30.11.2018 18:00,Rizespor,Ankaragucu,1,1,65%,35%,21,10,6,4,9,4,6,2,5,12,7,2,3,1,3,5,12,6,3,2,532,294,432,182,15,12,109,78,107,46,0,0,,,D
EZzOUYKi,26.11.2018 18:00,Goztepe,Basaksehir,0,2,56%,44%,15,15,4,7,8,5,3,3,0,0,7,1,2,4,5,4,8,13,4,3,561,447,456,347,12,18,114,89,88,49,0,0,,,A
Ywby7VSp,25.11.2018 17:00,Kasimpasa,Yeni Malatyaspor,3,0,43%,57%,21,17,9,2,6,12,6,3,9,19,7,4,1,2,2,6,19,9,2,1,339,443,239,332,19,24,88,95,74,74,0,0,,,H
42h0FgL4,25.11.2018 17:00,Trabzonspor,Fenerbahce,2,1,55%,45%,26,11,8,3,12,5,6,3,17,13,6,6,3,1,2,6,11,17,3,3,470,383,362,271,18,11,109,111,97,62,0,0,,,H
dI69BBKT,25.11.2018 14:00,Akhisarspor,Bursaspor,2,4,36%,64%,6,19,3,7,3,6,0,6,7,10,3,7,0,0,3,1,13,11,0,2,348,620,245,513,20,18,72,94,37,78,0,0,,,A
O481DXkH,25.11.2018 11:30,Sivasspor,Rizespor,1,1,55%,45%,25,9,6,4,8,2,11,3,,,19,3,0,1,3,5,14,7,2,3,553,449,415,320,11,31,122,103,109,45,1,0,,,D
AugdGZ5b,24.11.2018 17:00,Ankaragucu,Besiktas,1,4,48%,52%,15,15,4,6,7,7,4,2,1,0,4,5,1,1,2,3,18,15,2,2,380,410,274,301,13,22,100,117,80,84,0,0,,,A
rgi4EDzB,24.11.2018 14:00,Alanyaspor,Kayserispor,5,0,52%,48%,15,5,10,1,5,3,0,1,0,0,9,2,3,1,1,5,20,11,3,5,486,443,370,341,22,17,90,83,78,47,0,0,,,H
2e75Ci5N,24.11.2018 11:30,Erzurumspor,Antalyaspor,1,0,62%,38%,13,7,1,1,8,5,4,1,0,1,7,3,2,1,1,1,12,12,3,0,550,340,437,237,14,17,78,66,76,52,0,0,,,H
zqxKVE5o,23.11.2018 18:30,Galatasaray,Konyaspor,1,1,62%,38%,13,8,2,2,6,5,5,1,13,10,0,3,2,4,1,1,12,14,1,3,602,377,478,260,14,15,136,89,62,46,1,0,,,D
WzFJ2Gya,11.11.2018 18:30,Besiktas,Sivasspor,1,2,64%,36%,9,10,2,3,5,5,2,2,18,18,6,5,4,4,1,1,14,14,4,3,578,324,468,210,10,23,155,97,74,51,0,0,,,A
pbLZbYzO,11.11.2018 17:00,Antalyaspor,Akhisarspor,1,2,58%,42%,17,5,6,3,9,1,2,1,17,10,8,7,0,0,1,5,10,17,3,1,512,355,449,275,15,16,102,99,84,41,0,0,,,A
dxkhHFjh,11.11.2018 16:00,Fenerbahce,Alanyaspor,2,0,48%,52%,12,10,5,3,3,4,4,3,20,14,3,6,3,3,3,3,11,17,2,2,473,515,387,433,25,12,109,127,63,85,0,0,,,H
4lDR0f6B,11.11.2018 11:30,Bursaspor,Kasimpasa,1,2,61%,39%,24,10,4,4,15,5,5,1,17,18,6,6,1,3,2,3,17,14,3,1,452,302,365,211,22,16,116,85,89,66,0,0,,,A
ARDN1zi5,10.11.2018 17:00,Kayserispor,Galatasaray,0,3,51%,49%,12,11,3,6,4,5,5,0,12,17,4,3,3,2,3,3,13,9,5,3,394,394,315,310,12,17,96,93,53,51,1,0,,,A
zN0qJyMu,10.11.2018 14:00,Rizespor,Basaksehir,1,2,40%,60%,6,13,2,4,2,8,2,1,12,17,4,4,3,0,2,1,14,10,2,1,346,539,275,442,19,14,82,107,51,66,0,0,,,A
OlKwbhjU,10.11.2018 11:30,Erzurumspor,Goztepe,2,1,39%,61%,7,9,4,3,3,2,0,4,9,15,2,6,0,1,2,2,14,9,2,2,324,501,240,413,25,24,99,118,51,95,0,0,,,H
EDamIeyn,10.11.2018 11:30,Konyaspor,Ankaragucu,2,0,51%,49%,15,7,3,2,9,4,3,1,15,17,3,4,3,0,2,1,15,16,1,2,391,367,314,282,25,14,128,133,63,53,0,0,,,H
2ZVUaELH,09.11.2018 18:00,Yeni Malatyaspor,Trabzonspor,5,0,34%,66%,10,15,6,5,4,7,0,3,9,16,2,2,0,1,5,1,14,6,1,1,299,558,227,483,17,8,71,90,32,69,0,0,,,H
Ey6j3SAC,05.11.2018 18:00,Goztepe,Rizespor,2,0,40%,60%,12,13,6,2,4,7,2,4,13,17,6,13,1,3,2,4,11,8,0,1,306,448,240,368,20,15,84,98,64,93,0,0,,,H
0h4b16uP,05.11.2018 18:00,Sivasspor,Konyaspor,0,0,,,,,,,,,,,,,,,,,,,,,,,,,,,,,,,,,0,0,,,D
zo7n48e6,04.11.2018 17:00,Trabzonspor,Bursaspor,1,1,,,,,,,,,,,,,,,,,,,,,,,,,,,,,,,,,0,0,,,D
z9LA4x7n,04.11.2018 14:00,Alanyaspor,Yeni Malatyaspor,0,1,,,,,,,,,,,,,,,,,,,,,,,,,,,,,,,,,0,0,,,A
M15f2nQI,04.11.2018 11:30,Ankaragucu,Kayserispor,3,1,45%,55%,12,13,6,2,4,6,2,5,19,19,3,6,3,0,1,3,18,18,0,4,311,377,235,290,12,21,112,103,58,77,0,1,,,H
4QUvAbqP,03.11.2018 17:00,Basaksehir,Besiktas,1,0,42%,58%,9,18,3,4,4,10,2,4,16,16,3,9,3,0,4,2,14,14,2,2,371,503,246,382,16,11,96,140,55,101,0,0,,,H
tnM65Iit,03.11.2018 14:00,Akhisarspor,Erzurumspor,1,1,51%,49%,10,5,5,1,3,1,2,3,17,15,3,2,2,1,0,4,13,16,2,1,451,451,361,366,18,20,117,105,74,58,0,0,,,D
hMHs5lt0,03.11.2018 11:30,Kasimpasa,Antalyaspor,1,2,51%,49%,18,9,6,6,8,2,4,1,15,11,7,3,2,1,4,5,12,14,2,4,399,402,324,318,18,12,98,104,96,61,0,0,,,A
EaKE3dMh,02.11.2018 19:00,Galatasaray,Fenerbahce,2,2,62%,38%,16,17,3,5,7,7,6,5,19,9,6,4,2,2,3,1,9,16,2,4,480,296,397,214,20,31,92,75,75,51,1,2,,,D
jed1PIRE,29.10.2018 18:00,Akhisarspor,Goztepe,1,0,35%,65%,12,13,4,3,7,8,1,2,14,18,3,3,1,1,3,3,18,14,3,4,276,525,182,450,19,10,111,116,56,63,0,0,,,H
65FV7jds,29.10.2018 18:00,Besiktas,Rizespor,4,1,,,,,,,,,,,,,,,,,,,,,,,,,,,,,,,,,0,0,,,H
vJDw6UQg,28.10.2018 18:30,Fenerbahce,Ankaragucu,1,3,57%,43%,14,16,4,7,6,4,4,5,22,16,5,7,1,1,4,3,16,21,4,6,475,358,391,284,22,18,126,89,87,52,1,0,,,A
nR5B2eK1,28.10.2018 16:00,Yeni Malatyaspor,Galatasaray,2,0,42%,58%,14,14,6,2,7,9,1,3,17,19,5,5,4,3,2,4,16,13,2,1,372,505,293,409,18,12,99,98,58,82,0,0,,,H
QBH24Hkk,28.10.2018 11:30,Kayserispor,Sivasspor,2,0,42%,58%,10,14,4,2,5,7,1,5,13,17,3,5,3,1,2,2,13,14,4,6,332,467,264,394,12,12,93,96,50,64,0,1,,,H
b19F1FZ7,27.10.2018 18:00,Antalyaspor,Trabzonspor,1,1,43%,57%,13,10,7,4,5,4,1,2,19,14,5,3,1,4,3,6,14,15,2,1,408,512,326,421,14,25,80,94,49,55,0,0,,,D
pdEZ6ABm,27.10.2018 15:00,Konyaspor,Basaksehir,0,1,43%,57%,9,7,1,4,4,2,4,1,16,16,3,2,5,1,3,1,11,15,1,0,394,533,299,430,17,11,112,121,73,65,0,0,,,A
C4ccQbC8,27.10.2018 12:30,Erzurumspor,Kasimpasa,1,1,46%,54%,14,18,5,6,7,9,2,3,9,16,6,8,0,0,5,4,18,9,4,1,294,337,194,252,19,16,87,102,48,77,1,0,,,D
42G63y5e,26.10.2018 19:30,Bursaspor,Alanyaspor,2,0,51%,49%,12,7,7,0,4,5,1,2,19,20,2,6,2,2,0,5,17,17,1,0,435,412,317,281,32,16,115,100,57,74,0,0,,,H
C4ySAJCL,22.10.2018 19:00,Trabzonspor,Erzurumspor,0,0,55%,45%,13,10,1,4,7,3,5,3,15,15,7,5,5,3,4,1,10,14,1,3,428,361,348,268,20,22,105,99,91,67,0,0,,,D
dxDb5czq,21.10.2018 18:00,Goztepe,Besiktas,2,0,38%,62%,11,10,5,2,4,6,2,2,16,19,5,6,2,2,2,3,18,14,3,2,319,512,227,420,15,13,108,124,58,86,0,0,,,H
fTQW9wSR,21.10.2018 15:00,Alanyaspor,Antalyaspor,0,1,,,,,,,,,,,,,,,,,,,,,,,,,,,,,,,,,0,0,,,A
QmZFDLS2,21.10.2018 15:00,Ankaragucu,Yeni Malatyaspor,1,0,47%,53%,7,10,3,2,4,4,0,4,18,21,6,6,0,0,2,2,21,19,4,4,329,378,218,277,17,15,102,103,61,74,0,0,,,H
b1XNBacF,21.10.2018 12:30,Rizespor,Konyaspor,1,1,43%,57%,9,14,3,4,6,7,0,3,21,20,3,7,1,2,3,2,20,21,2,0,357,473,269,386,21,11,83,119,47,82,1,0,,,D
4vYJCur9,20.10.2018 18:00,Sivasspor,Fenerbahce,0,0,46%,54%,17,13,4,4,6,9,7,0,14,15,3,4,1,3,4,4,14,15,2,1,400,465,307,374,16,9,104,99,64,79,0,0,,,D
6XFXjbLk,20.10.2018 15:00,Basaksehir,Kayserispor,1,0,58%,42%,14,7,3,2,11,2,0,3,18,22,8,4,5,2,2,2,17,17,5,2,481,349,384,268,12,12,103,85,78,48,0,0,,,H
0fFyjIzd,20.10.2018 12:30,Kasimpasa,Akhisarspor,5,0,52%,48%,16,17,6,5,8,5,2,7,17,24,3,7,5,3,5,1,18,15,1,3,450,411,363,321,20,18,97,97,72,79,0,0,,,H
voEukxj2,19.10.2018 19:30,Galatasaray,Bursaspor,1,1,65%,35%,10,13,3,3,6,7,1,3,19,5,1,6,0,1,2,2,6,18,1,5,550,289,455,203,18,21,110,116,68,85,0,0,,,D
8dzcc0rM,07.10.2018 19:30,Konyaspor,Besiktas,2,2,52%,48%,15,7,5,4,6,2,4,1,8,21,9,4,4,0,2,3,18,10,6,7,398,369,316,298,15,15,99,100,75,59,0,1,,,D
0WWlaMD9,07.10.2018 18:00,Akhisarspor,Trabzonspor,1,3,48%,52%,11,10,4,4,4,4,3,2,18,20,5,5,6,2,1,3,16,16,1,3,398,422,322,357,13,14,53,66,60,68,0,0,,,A
6Xwt1rqc,07.10.2018 17:00,Fenerbahce,Basaksehir,0,0,44%,56%,16,9,4,3,8,4,4,2,20,17,7,6,2,4,3,4,15,16,5,4,417,529,326,440,17,15,107,132,73,69,0,0,,,D
Ewifwuij,07.10.2018 12:30,Yeni Malatyaspor,Sivasspor,4,4,61%,39%,23,12,8,7,11,3,4,2,14,15,5,3,3,0,3,4,13,13,3,4,474,302,390,219,11,14,119,103,101,44,0,1,,,D
I7sp02b3,06.10.2018 18:00,Antalyaspor,Galatasaray,0,1,32%,68%,6,15,0,7,3,6,3,2,14,15,5,7,1,0,6,0,15,14,1,3,295,603,189,516,22,10,99,147,56,106,0,0,,,A
hUBTiv6q,06.10.2018 15:00,Bursaspor,Ankaragucu,1,0,46%,54%,13,7,5,2,5,4,3,1,11,20,10,5,1,0,2,4,19,11,1,0,356,416,260,307,18,16,103,97,84,59,0,0,,,H
hUkbxa6d,06.10.2018 15:00,Erzurumspor,Alanyaspor,1,0,58%,42%,14,6,4,1,9,2,1,3,16,13,6,5,3,1,1,3,10,15,2,2,436,314,332,189,16,20,117,93,68,52,0,0,,,H
nmZ0dKcS,06.10.2018 12:30,Kayserispor,Rizespor,2,2,40%,60%,14,6,4,2,4,2,6,2,13,10,5,6,0,0,0,2,11,15,1,3,343,523,271,443,19,21,96,116,71,78,1,1,,,D
vNVhbtTF,05.10.2018 19:00,Kasimpasa,Goztepe,3,1,34%,66%,19,13,5,5,12,6,2,2,9,18,6,5,3,0,4,2,16,9,1,0,336,655,255,555,18,14,96,123,88,86,0,0,,,H
xhtGPLMj,01.10.2018 19:00,Ankaragucu,Antalyaspor,0,1,63%,37%,14,13,3,6,9,4,2,3,19,10,5,8,0,1,5,3,10,18,2,5,485,287,396,201,13,13,102,79,80,61,0,0,,,A
44HAo3qA,01.10.2018 19:00,Basaksehir,Yeni Malatyaspor,1,1,71%,29%,14,11,6,3,6,5,2,3,8,12,12,2,0,1,2,5,11,9,2,2,653,286,566,187,17,28,174,87,127,56,0,0,,,D
vcKbl5ai,30.09.2018 18:00,Rizespor,Fenerbahce,3,0,47%,53%,11,18,5,5,5,9,1,4,17,13,5,7,2,3,5,2,11,15,1,1,414,431,323,359,19,19,104,84,68,88,0,0,,,H
d2dkvLyp,30.09.2018 15:00,Goztepe,Konyaspor,3,2,46%,54%,13,11,9,2,0,6,4,3,18,11,7,6,0,4,0,6,11,15,3,4,397,466,306,367,13,13,119,126,76,95,0,0,,,H
QDI6nqU3,30.09.2018 12:30,Sivasspor,Bursaspor,2,0,47%,53%,10,7,3,3,7,4,0,0,18,24,5,6,1,5,3,1,23,14,2,4,394,442,303,353,18,19,90,111,49,57,0,0,,,H
nT6FpNbG,29.09.2018 18:00,Besiktas,Kayserispor,2,0,58%,42%,13,9,4,3,8,5,1,1,16,16,6,3,6,5,3,2,10,11,1,0,528,363,455,299,28,16,124,100,71,58,0,0,,,H
0WAJqsEM,29.09.2018 15:00,Alanyaspor,Akhisarspor,2,1,39%,61%,5,6,3,1,2,4,0,1,13,20,2,8,4,4,0,1,17,9,4,2,319,481,233,375,14,19,92,94,51,72,1,0,,,H
ImJ2mPEc,29.09.2018 15:00,Trabzonspor,Kasimpasa,4,2,57%,43%,19,17,7,9,8,7,4,1,12,19,7,6,5,1,7,3,14,11,2,3,434,323,352,221,9,24,100,95,76,80,0,0,,,H
fgANr1TS,28.09.2018 19:00,Galatasaray,Erzurumspor,1,0,60%,40%,12,10,7,1,3,5,2,4,16,14,10,6,2,4,1,6,12,12,3,2,527,340,454,255,20,18,121,98,69,38,0,0,,,H
69kpVsaT,24.09.2018 20:00,Fenerbahce,Besiktas,1,1,45%,55%,12,13,7,4,4,6,1,3,18,15,2,7,1,2,3,6,14,16,1,5,382,468,298,389,11,10,122,134,54,65,0,1,,,D
AsdyX3UG,23.09.2018 18:00,Akhisarspor,Galatasaray,3,0,35%,65%,10,12,5,3,4,6,1,3,15,16,1,6,2,4,3,2,15,13,4,3,308,570,219,476,6,12,75,105,48,79,0,0,,,H
xUcTYPa4,23.09.2018 18:00,Antalyaspor,Sivasspor,2,1,36%,64%,6,15,3,2,1,8,2,5,6,15,6,4,2,0,1,1,14,7,4,1,301,571,234,500,15,14,81,116,55,82,0,0,,,H
ITjHySFo,23.09.2018 15:00,Kasimpasa,Alanyaspor,1,2,60%,40%,24,8,6,3,10,3,8,2,19,16,7,0,2,2,1,5,14,17,2,3,489,336,379,244,19,20,134,104,97,48,0,0,,,A
dKkLznVi,22.09.2018 18:00,Trabzonspor,Goztepe,1,2,66%,34%,13,4,5,2,6,1,2,1,13,15,4,2,2,1,0,4,12,12,2,4,574,296,480,200,21,18,143,96,105,42,0,0,,,A
SIjtWNqN,22.09.2018 15:00,Kayserispor,Konyaspor,0,2,56%,44%,17,8,4,5,5,2,8,1,10,18,6,5,0,2,3,4,18,7,1,2,408,332,310,237,12,23,112,109,84,60,0,0,,,A
vquQZ5pb,22.09.2018 12:30,Yeni Malatyaspor,Rizespor,1,0,59%,41%,23,7,9,1,11,5,3,1,18,19,10,3,1,2,1,8,17,15,2,3,414,277,361,215,19,21,90,75,77,50,0,1,,,H
OlxCQ17p,21.09.2018 19:00,Bursaspor,Basaksehir,0,0,42%,58%,13,7,4,1,3,5,6,1,15,10,1,4,1,1,1,4,10,14,1,4,427,601,341,513,16,4,128,129,72,67,0,0,,,D
WjcXXqFA,21.09.2018 19:00,Erzurumspor,Ankaragucu,0,1,68%,32%,27,3,8,1,11,1,8,1,10,13,12,2,1,1,0,8,14,8,3,2,505,259,427,172,23,16,118,86,115,34,0,1,,,A
46SmzFvs,17.09.2018 19:00,Alanyaspor,Trabzonspor,1,0,35%,65%,17,11,7,5,7,5,3,1,10,18,4,6,0,2,5,6,19,9,1,2,279,536,201,446,24,19,104,134,55,82,0,0,,,H
UDcZCrwo,16.09.2018 19:00,Konyaspor,Fenerbahce,0,1,51%,49%,15,10,6,2,9,5,0,3,12,10,6,6,0,1,1,6,10,11,3,1,426,422,339,324,15,11,95,107,69,57,0,0,,,A
APp1VjgC,16.09.2018 19:00,Rizespor,Bursaspor,1,1,51%,49%,12,9,5,4,5,3,2,2,19,27,3,3,2,1,3,4,25,19,0,2,399,378,301,293,11,17,100,109,45,57,0,0,,,D
dMtcWWw6,16.09.2018 16:00,Basaksehir,Antalyaspor,4,0,68%,32%,15,8,6,3,5,4,4,1,9,13,4,2,2,0,3,2,11,8,0,2,647,301,583,248,14,7,106,68,83,37,0,0,,,H
2asgXCOa,16.09.2018 16:00,Sivasspor,Erzurumspor,2,2,59%,41%,24,11,9,5,11,4,4,2,11,12,3,2,1,1,3,7,14,10,0,2,521,361,451,274,19,23,96,74,62,40,0,0,,,D
hlz6UA8I,15.09.2018 19:00,Besiktas,Yeni Malatyaspor,2,1,56%,44%,17,10,6,6,9,3,2,1,16,15,10,5,1,1,5,4,14,15,3,3,443,339,352,251,20,9,113,122,80,71,1,0,,,H
O8rkYh9g,15.09.2018 19:00,Goztepe,Kayserispor,2,0,49%,51%,16,9,6,1,6,4,4,4,11,13,4,1,3,1,1,4,11,10,1,2,442,457,349,377,14,14,76,79,37,38,0,0,,,H
nRuMveWP,15.09.2018 16:00,Ankaragucu,Akhisarspor,1,0,40%,60%,7,12,1,4,3,8,3,0,15,20,2,12,0,4,4,0,19,11,2,3,339,497,230,411,7,11,98,113,45,89,0,0,,,H
rcRiZYgm,14.09.2018 20:00,Galatasaray,Kasimpasa,4,1,52%,48%,15,16,5,6,8,6,2,4,16,14,4,7,4,2,5,1,11,14,1,2,364,322,302,252,24,13,65,56,37,33,0,0,,,H
2w6IKZvf,02.09.2018 20:45,Antalyaspor,Rizespor,2,1,49%,51%,13,6,4,2,6,4,3,0,13,14,5,5,2,1,1,2,12,13,3,4,398,445,328,356,8,15,78,82,65,58,1,1,,,H
WIcZGivJ,02.09.2018 20:45,Bursaspor,Besiktas,1,1,50%,50%,9,11,3,4,5,6,1,1,16,14,4,3,1,0,3,2,14,15,2,2,384,390,305,296,15,17,43,35,27,25,0,0,,,D
fXGrRy2Q,02.09.2018 18:15,Erzurumspor,Basaksehir,0,1,50%,50%,16,5,3,2,9,3,4,0,14,13,8,2,0,3,1,3,13,11,3,1,435,464,352,383,3,15,91,108,75,42,0,0,,,A
dt3AMeAs,02.09.2018 18:15,Kasimpasa,Ankaragucu,2,1,46%,54%,10,15,4,7,5,6,1,2,11,8,5,6,1,0,6,2,7,10,1,3,421,495,334,412,19,13,117,134,54,85,0,0,,,H
hSbVHXOC,01.09.2018 20:45,Alanyaspor,Goztepe,1,0,45%,55%,9,10,2,2,3,3,4,5,16,17,5,8,1,4,2,1,16,12,2,2,395,466,300,380,17,17,89,78,55,58,0,0,,,H
OhfRID96,01.09.2018 20:45,Trabzonspor,Galatasaray,4,0,62%,38%,13,8,6,0,6,5,1,3,8,10,1,1,1,1,0,2,11,7,2,1,593,360,513,272,22,14,100,110,52,50,0,1,,,H
p2eNJgf0,01.09.2018 18:15,Akhisarspor,Sivasspor,1,1,55%,45%,22,11,6,4,9,3,7,4,17,23,5,1,4,0,3,5,19,17,1,3,435,376,347,281,14,20,91,100,87,52,0,0,,,D
j32ELFPm,01.09.2018 18:15,Fenerbahce,Kayserispor,2,3,61%,39%,15,20,4,11,9,7,2,2,12,16,4,4,4,0,8,2,12,11,4,2,460,301,381,230,11,13,102,87,72,52,0,1,,,A
YNyIuyHJ,31.08.2018 20:45,Yeni Malatyaspor,Konyaspor,0,1,57%,43%,11,6,3,4,5,2,3,0,24,10,3,1,1,1,3,3,9,23,2,4,480,380,383,289,10,17,123,114,84,48,0,0,,,A
b5NZScXD,27.08.2018 20:45,Galatasaray,Alanyaspor,6,0,61%,39%,17,3,9,1,5,1,3,1,10,12,4,1,1,0,1,3,12,10,0,1,353,231,290,168,16,17,100,57,82,42,0,0,,,H
lztq6zQ0,27.08.2018 18:15,Basaksehir,Akhisarspor,3,1,61%,39%,20,8,7,3,6,3,7,2,14,10,6,2,1,0,2,4,9,14,2,4,616,369,546,291,13,14,97,64,73,36,0,0,,,H
G8Sy8del,26.08.2018 20:45,Besiktas,Antalyaspor,2,3,73%,27%,30,7,12,5,12,0,6,2,22,15,12,1,0,3,2,10,15,19,2,7,595,232,514,153,21,15,93,36,56,20,0,0,,,A
xdMwSHnK,26.08.2018 20:45,Konyaspor,Bursaspor,1,1,49%,51%,13,12,4,5,7,3,2,4,15,18,11,6,1,0,4,3,17,15,2,3,292,310,216,227,13,15,66,57,41,27,0,0,,,D
xITX8xtr,26.08.2018 18:15,Sivasspor,Kasimpasa,0,3,57%,43%,28,10,3,6,13,3,12,1,20,10,7,2,2,11,3,3,8,9,0,3,529,322,456,233,10,18,114,100,97,55,0,0,,,A
Wzi5DIXQ,25.08.2018 20:45,Goztepe,Fenerbahce,1,0,44%,56%,5,7,2,1,1,5,2,1,17,19,4,5,3,1,1,1,16,16,2,1,406,466,311,383,8,12,96,121,61,76,0,0,,,H
p2Zi4EfD,25.08.2018 20:45,Kayserispor,Yeni Malatyaspor,0,0,59%,41%,11,7,4,2,7,4,0,1,15,14,4,6,1,2,2,4,13,13,2,1,425,299,359,216,14,16,90,69,75,44,0,0,,,D
Aqsu7GAf,25.08.2018 18:15,Ankaragucu,Trabzonspor,2,2,44%,56%,15,8,6,6,4,2,5,0,13,10,5,9,0,0,4,4,10,13,2,2,300,490,211,401,16,13,76,83,68,78,0,0,,,D
WbVm5fu7,24.08.2018 18:15,Rizespor,Erzurumspor,0,0,62%,38%,9,10,2,3,6,2,1,5,22,11,4,7,2,2,3,2,9,20,1,1,493,269,409,191,15,18,118,95,69,56,0,0,,,D
zk72gcte,20.08.2018 20:45,Kasimpasa,Basaksehir,2,1,34%,66%,13,15,3,5,5,7,5,3,17,21,5,2,3,2,4,1,18,16,0,3,341,665,253,586,20,16,84,100,74,76,0,0,,,H
825AiyB7,19.08.2018 20:45,Alanyaspor,Ankaragucu,0,2,57%,43%,19,5,5,4,9,1,5,0,15,20,6,2,3,1,2,5,17,14,3,6,395,297,313,211,16,16,105,91,102,45,1,1,,,A
pKlgGKm8,19.08.2018 20:45,Galatasaray,Goztepe,1,0,52%,48%,9,9,4,3,3,4,2,2,14,13,6,6,1,1,3,3,12,13,4,2,501,402,428,325,14,20,108,90,56,60,0,0,,,H
OAmcFv3E,19.08.2018 18:15,Akhisarspor,Rizespor,1,1,53%,47%,8,24,3,10,5,8,0,6,15,20,4,3,2,0,9,2,18,15,0,1,442,422,370,346,17,24,105,101,78,75,1,0,,,D
OE3bfwRl,19.08.2018 18:15,Erzurumspor,Besiktas,1,3,42%,58%,9,12,2,8,5,2,2,2,8,14,10,9,2,1,5,2,12,7,0,3,238,403,160,314,14,9,99,106,66,76,0,0,,,A
tjEgeJBr,18.08.2018 20:45,Antalyaspor,Konyaspor,3,3,57%,43%,12,6,9,4,2,1,1,1,19,18,7,3,3,1,1,6,15,18,1,5,401,307,317,221,11,11,107,88,64,52,0,1,,,D
IXn1EbIK,18.08.2018 20:45,Yeni Malatyaspor,Fenerbahce,1,0,36%,64%,12,10,2,3,6,6,4,1,10,17,2,3,2,1,3,1,15,9,2,0,272,556,196,456,17,10,97,142,49,110,0,0,,,H
vsSRaa3R,18.08.2018 18:15,Bursaspor,Kayserispor,0,0,58%,42%,9,4,2,0,4,2,3,2,14,13,6,4,1,1,0,2,12,13,2,2,455,451,356,362,20,10,109,103,68,53,0,0,,,D
A7NN0ulL,17.08.2018 20:45,Trabzonspor,Sivasspor,3,1,47%,53%,11,13,9,3,1,9,1,1,18,19,8,5,7,1,2,6,12,17,1,4,340,498,279,424,19,9,94,80,56,57,0,0,,,H
zkVA3s42,13.08.2018 20:45,Kayserispor,Antalyaspor,2,0,67%,33%,8,4,5,1,3,3,,,11,18,6,2,2,3,1,3,16,8,0,2,,,,,,,121,86,76,44,0,1,26,16,H
rerPuvCe,12.08.2018 20:45,Besiktas,Akhisarspor,2,1,61%,39%,13,8,4,4,9,4,,,16,18,12,3,1,0,3,2,17,16,3,6,,,,,,,95,91,78,44,0,0,27,21,H
WGOJ1LYE,12.08.2018 20:45,Goztepe,Yeni Malatyaspor,1,3,53%,47%,10,6,4,3,6,3,,,14,15,4,0,4,3,0,3,11,11,4,5,,,,,,,111,83,84,38,2,1,27,19,A
Wd4faSCG,12.08.2018 18:30,Basaksehir,Trabzonspor,2,0,54%,46%,15,8,5,0,10,8,,,17,17,9,2,1,2,0,3,16,15,2,2,,,,,,,106,94,66,51,0,0,22,21,H
MosTvbR1,12.08.2018 18:30,Konyaspor,Erzurumspor,3,2,48%,52%,16,6,9,4,7,2,,,15,11,4,7,0,1,2,6,11,14,1,2,,,,,,,106,106,69,70,0,0,23,30,H
lhZE21J8,11.08.2018 20:45,Fenerbahce,Bursaspor,2,1,58%,42%,7,6,2,3,5,3,,,20,13,4,4,1,5,2,0,12,15,3,3,,,,,,,125,72,47,30,0,0,20,15,H
OhSNs0sq,11.08.2018 18:30,Rizespor,Kasimpasa,2,3,47%,53%,8,14,5,6,3,8,,,15,17,3,6,4,1,3,3,13,14,2,1,,,,,,,62,69,39,51,0,0,20,17,A
2qRRtKdk,11.08.2018 18:30,Sivasspor,Alanyaspor,1,0,54%,46%,12,9,5,3,7,6,,,18,15,4,7,2,2,3,4,13,16,1,3,,,,,,,73,58,36,31,0,0,21,25,H
Ig0j08cA,10.08.2018 20:45,Ankaragucu,Galatasaray,1,3,50%,50%,3,12,1,4,2,8,,,9,17,2,4,2,0,1,0,15,9,2,2,,,,,,,99,107,77,79,0,0,33,28,A
