id,date,home_team,away_team,home_goals,away_goals,Expected Goals (xG)_home,Expected Goals (xG)_away,Ball Possession_home,Ball Possession_away,Goal Attempts_home,Goal Attempts_away,Shots on Goal_home,Shots on Goal_away,Shots off Goal_home,Shots off Goal_away,Blocked Shots_home,Blocked Shots_away,Free Kicks_home,Free Kicks_away,Corner Kicks_home,Corner Kicks_away,Offsides_home,Offsides_away,Throw-ins_home,Throw-ins_away,Goalkeeper Saves_home,Goalkeeper Saves_away,Fouls_home,Fouls_away,Red Cards_home,Red Cards_away,Yellow Cards_home,Yellow Cards_away,Total Passes_home,Total Passes_away,Completed Passes_home,Completed Passes_away,Tackles_home,Tackles_away,Attacks_home,Attacks_away,Dangerous Attacks_home,Dangerous Attacks_away,Clearances Completed_home,Clearances Completed_away,Crosses Completed_home,Crosses Completed_away,Interceptions_home,Interceptions_away,result
W2Xass9I,16.03.2024 20:00,Al Fateh,Al Ittihad,2,4,1.40,3.48,46%,54%,12,17,4,7,5,7,3,3,13,7,3,9,1,4,21,26,3,2,7,10,0,1,1,3,383,428,303,361,22,12,87,105,33,76,27,10,3,11,10,10,A
ERxerNgC,16.03.2024 20:00,Al Hilal,Damac,2,1,1.29,0.52,64%,36%,18,9,7,2,10,6,1,1,11,11,10,5,1,5,16,21,1,5,12,6,0,1,2,2,500,289,420,207,22,15,126,71,115,26,6,30,9,2,15,9,H
SAzqoP9g,16.03.2024 20:00,Al Raed,Al Taawon,0,0,1.17,1.31,34%,66%,11,14,4,2,5,6,2,6,14,13,3,6,0,1,24,23,2,4,15,12,0,0,2,2,255,487,179,411,11,20,78,110,31,49,11,10,2,9,7,9,D
zyviq3v6,15.03.2024 20:00,Al Ahli SC,Al Nassr,0,1,1.08,0.82,40%,60%,10,4,3,1,2,1,5,2,8,15,7,5,3,2,15,22,0,3,11,8,0,0,2,2,322,505,268,443,25,10,73,91,43,50,24,17,4,2,5,9,A
OdKo5p1P,15.03.2024 20:00,Al Feiha,Al Riyadh,1,1,0.94,0.63,53%,47%,6,9,3,1,2,7,1,1,10,13,0,2,3,3,11,14,0,2,19,14,0,0,1,3,500,430,426,365,10,15,100,114,33,45,19,13,0,8,7,12,D
tEvmpqPa,15.03.2024 20:00,Al Taee,Al Ettifaq,1,1,0.63,1.32,38%,62%,9,14,4,5,2,6,3,3,11,16,4,9,3,1,13,27,4,3,17,12,0,1,2,3,262,429,200,361,21,4,69,102,37,61,31,17,4,5,7,3,D
bkBD049t,14.03.2024 20:00,Abha,Al Wehda,1,0,0.75,0.90,47%,53%,14,10,4,1,7,7,3,2,13,17,4,2,3,1,20,8,1,3,13,12,0,1,0,4,337,374,282,319,7,7,89,68,37,38,9,28,2,5,7,7,H
AgW3t1OO,14.03.2024 20:00,Al Hazem,Al Shabab,0,3,0.51,1.37,51%,49%,11,11,0,6,6,3,5,2,11,11,6,0,3,2,22,14,3,0,9,10,0,0,2,3,435,444,361,362,11,8,117,97,55,36,10,21,6,2,13,11,A
pnovn5fm,14.03.2024 20:00,Al Khaleej,Al Akhdoud,2,2,0.56,2.30,48%,52%,8,12,2,5,4,4,2,3,15,13,1,9,2,2,13,15,3,0,15,13,0,0,3,1,374,395,312,325,16,7,62,103,27,49,29,6,3,9,6,4,D
0t4EVqA6,09.03.2024 18:00,Al Taawon,Al Ahli SC,0,1,0.63,0.31,49%,51%,14,6,2,1,7,1,5,4,13,11,3,6,4,1,21,24,0,2,8,12,0,0,2,0,443,443,365,357,16,20,107,101,34,48,22,8,4,3,9,6,A
ABo5h7HJ,09.03.2024 15:00,Al Ettifaq,Abha,3,0,1.14,0.18,68%,32%,17,7,8,0,5,6,4,1,14,17,12,3,3,1,15,13,0,5,13,11,0,0,0,2,496,230,454,177,9,14,119,28,76,14,9,31,8,1,7,4,H
QNB1YoQm,09.03.2024 15:00,Al Fateh,Al Khaleej,1,2,,,61%,39%,8,18,3,8,5,8,0,2,14,25,4,5,3,0,22,14,6,2,21,13,0,0,1,1,521,334,443,271,18,11,109,66,47,47,12,18,7,10,5,11,A
Mk5AWPf0,08.03.2024 18:00,Al Ittihad,Al Akhdoud,2,1,1.58,1.32,63%,37%,9,12,3,3,3,6,3,3,10,10,6,7,2,0,17,24,2,1,8,15,0,0,2,1,543,304,445,206,18,14,122,94,53,52,22,18,2,4,12,14,H
l2p9iRWP,08.03.2024 15:00,Al Riyadh,Al Hilal,1,3,0.72,4.11,24%,76%,4,23,3,10,0,11,1,2,15,8,1,9,5,6,16,18,7,3,8,12,0,0,5,1,181,591,114,517,20,8,53,136,12,76,34,5,3,15,12,8,A
867MTNvJ,08.03.2024 15:00,Al Taee,Al Hazem,1,0,1.59,1.35,38%,62%,12,16,6,4,3,8,3,4,9,16,7,7,5,2,28,31,4,5,18,13,0,0,2,2,248,395,179,320,19,16,69,125,35,76,36,16,4,12,7,13,H
4EA5X5uf,07.03.2024 18:00,Al Nassr,Al Raed,1,3,0.99,0.76,71%,29%,16,7,3,5,10,1,3,1,9,7,11,4,2,0,23,18,2,2,6,14,0,0,0,6,634,264,558,197,19,23,160,63,85,23,10,45,13,1,11,4,A
6enzmous,07.03.2024 15:00,Al Shabab,Al Feiha,2,3,1.29,1.47,72%,28%,20,4,7,3,10,1,3,0,9,12,11,1,0,2,16,15,0,5,13,8,0,0,2,3,652,255,575,175,11,18,136,63,69,21,9,32,9,1,7,6,A
f33IU3PC,07.03.2024 15:00,Damac,Al Wehda,1,0,0.15,0.24,56%,44%,5,6,1,0,2,3,2,3,19,9,4,3,2,3,18,26,0,0,10,15,0,1,1,2,466,350,391,280,11,19,69,84,34,34,21,11,0,3,11,6,H
x4AQWYlq,02.03.2024 18:00,Al Ahli SC,Al Fateh,1,1,0.88,0.92,49%,51%,12,11,3,2,5,5,4,4,17,9,2,7,0,1,14,13,1,2,8,15,1,1,3,4,429,447,378,398,17,20,89,88,50,50,16,16,4,2,7,10,D
CM2wUWY1,02.03.2024 15:00,Al Khaleej,Al Shabab,0,0,0.86,0.71,34%,66%,10,10,3,6,6,4,1,0,13,12,0,1,2,3,12,17,6,3,12,10,0,0,2,2,313,620,248,534,9,12,82,130,34,41,11,13,5,3,16,5,D
vTfPizR8,02.03.2024 15:00,Damac,Al Ettifaq,0,2,0.30,1.86,44%,56%,4,10,1,4,2,4,1,2,17,10,2,5,2,0,11,18,2,1,11,18,1,0,,,384,489,328,431,11,9,65,96,28,43,16,8,1,3,5,2,A
MipUjftF,01.03.2024 18:00,Al Hilal,Al Ittihad,3,1,2.16,0.27,67%,33%,16,6,9,2,2,3,5,1,20,22,7,2,1,3,23,27,1,6,23,16,0,0,2,3,514,254,452,183,28,34,132,64,81,45,18,29,8,3,10,9,H
W0CcZRAs,01.03.2024 15:00,Abha,Al Taee,2,0,1.40,0.79,45%,55%,10,10,5,2,5,4,0,4,20,15,3,7,3,2,21,24,2,3,14,19,0,0,2,3,330,409,261,339,14,8,86,100,29,47,22,11,6,4,7,8,H
YV3ZUCJe,01.03.2024 15:00,Al Akhdoud,Al Riyadh,1,2,1.58,0.84,49%,51%,14,10,5,5,8,1,1,4,7,11,8,9,1,1,33,22,3,4,12,6,0,0,1,2,344,366,268,281,15,19,108,98,53,39,16,40,9,2,10,1,A
0xdLhGB2,29.02.2024 18:00,Al Nassr,Al Hazem,4,4,4.51,1.66,69%,31%,26,14,9,5,8,5,9,4,17,10,14,4,0,3,16,4,1,5,11,16,0,0,1,4,520,236,452,174,12,7,124,54,62,17,16,36,13,5,11,6,D
j7EUVh4k,29.02.2024 15:00,Al Raed,Al Feiha,1,2,1.03,1.80,46%,54%,13,13,3,7,5,4,5,2,14,14,2,1,2,1,23,30,5,2,14,12,1,0,1,2,395,480,308,398,27,19,102,121,32,23,20,21,3,1,10,4,A
KONbyFtS,29.02.2024 15:00,Al Wehda,Al Taawon,3,3,1.87,1.36,41%,59%,10,17,5,9,1,3,4,5,15,7,5,5,1,3,17,18,6,2,6,13,0,0,1,1,332,476,262,405,11,14,88,107,26,42,12,12,6,5,10,13,D
E55otwSd,26.02.2024 18:00,Al Ittihad,Al Wehda,2,1,3.39,0.87,64%,36%,23,8,7,3,9,2,7,3,8,17,12,2,2,1,32,16,2,5,16,8,1,0,1,4,480,278,406,197,16,21,164,64,97,22,10,52,9,3,8,9,H
S89kucs3,26.02.2024 15:00,Al Ettifaq,Al Hilal,0,2,1.10,1.54,39%,61%,10,10,3,5,4,5,3,0,15,17,7,5,2,2,24,19,3,3,13,15,0,0,2,3,313,500,239,416,11,13,71,100,46,57,18,21,5,6,8,6,A
tYOfxeRL,25.02.2024 18:00,Al Shabab,Al Nassr,2,3,2.69,1.37,54%,46%,15,12,7,6,4,1,4,5,11,18,10,3,5,2,20,17,3,5,15,13,1,0,5,2,458,402,385,338,15,15,97,86,56,25,9,23,3,1,8,8,A
C0R2Hgkd,25.02.2024 15:00,Al Feiha,Abha,3,2,1.24,2.28,34%,66%,13,16,6,4,6,4,1,8,21,10,4,6,1,3,22,19,2,3,11,15,1,0,1,3,262,481,186,404,11,25,75,91,29,53,34,12,1,13,4,6,H
4zOfJFKq,24.02.2024 18:00,Al Hazem,Al Khaleej,1,1,0.90,0.25,42%,58%,15,9,6,1,7,4,2,4,13,14,6,5,2,2,17,14,0,5,18,11,0,0,3,3,342,472,272,416,9,9,77,103,48,36,13,25,6,5,10,5,D
0M7cwyCF,24.02.2024 15:00,Al Taee,Al Ahli SC,1,4,0.44,3.01,44%,56%,5,20,3,8,2,9,0,3,14,20,5,9,2,0,16,17,4,2,17,13,0,0,5,1,355,440,282,366,15,21,88,104,32,46,28,10,1,8,12,13,A
MV8gvHd9,23.02.2024 18:00,Al Fateh,Damac,1,1,1.05,1.26,45%,55%,12,14,4,2,3,4,5,8,8,13,9,7,2,1,17,15,1,3,14,6,0,0,2,0,372,464,298,376,16,17,91,100,51,55,16,15,5,5,12,9,D
Y9SbIZZk,23.02.2024 15:00,Al Riyadh,Al Raed,1,1,0.41,1.12,55%,45%,6,13,3,4,2,6,1,3,21,14,2,4,1,3,25,12,3,2,12,21,0,0,2,2,444,352,364,275,8,17,96,87,28,43,14,10,5,7,5,13,D
2RyTNeCS,23.02.2024 15:00,Al Taawon,Al Akhdoud,3,1,1.08,0.48,61%,39%,13,9,7,3,5,4,1,2,6,11,2,3,4,0,25,19,2,4,7,6,0,0,2,2,614,382,540,329,15,13,101,78,25,35,13,12,1,4,5,11,H
l4VCRwD3,18.02.2024 18:00,Al Ittihad,Al Riyadh,2,0,1.81,0.30,57%,43%,12,11,6,0,6,7,0,4,14,14,2,2,1,2,14,13,0,4,15,11,0,0,1,2,559,347,,,20,11,123,56,77,34,,,8,10,9,15,H
SfUGQcS9,18.02.2024 15:00,Al Hilal,Al Raed,3,1,1.75,0.23,66%,34%,17,5,6,1,11,1,0,3,10,16,7,2,3,3,16,14,0,3,13,9,0,0,4,0,679,191,,,11,21,154,45,91,20,,,14,9,8,13,H
QVqI5djp,17.02.2024 18:00,Al Nassr,Al Fateh,2,1,2.43,1.29,60%,40%,24,15,9,6,10,3,5,6,18,14,8,6,3,3,13,20,5,7,11,15,0,0,1,4,552,253,,,16,15,119,50,81,44,,,27,21,7,14,H
WSz8SJcc,17.02.2024 15:00,Al Hazem,Al Feiha,1,3,1.57,2.81,51%,49%,19,12,4,7,11,2,4,3,10,12,7,4,1,2,22,13,4,3,11,9,0,0,2,2,457,410,,,13,14,113,99,68,47,,,28,13,9,8,A
hxx4Tari,16.02.2024 18:00,Al Akhdoud,Al Ahli SC,3,2,0.67,1.75,38%,62%,10,14,3,6,2,8,5,0,11,11,3,8,2,2,13,34,4,0,10,9,0,1,2,2,158,488,,,10,13,61,145,24,79,,,14,32,10,3,H
vZmM4G5j,16.02.2024 18:00,Al Wehda,Al Taee,1,1,0.39,0.80,55%,45%,12,15,1,3,9,12,2,0,11,10,6,8,3,0,14,28,2,0,10,11,0,0,2,1,376,264,,,22,11,109,97,48,43,,,24,19,8,6,D
Kl7kAxrT,16.02.2024 15:00,Damac,Al Shabab,0,1,0.41,0.72,45%,55%,10,10,2,6,3,2,5,2,12,12,2,4,3,1,30,17,5,2,9,15,1,0,3,2,321,461,,,18,17,81,119,33,37,,,9,14,9,8,A
K2nOOycM,15.02.2024 18:00,Al Khaleej,Al Ettifaq,0,2,0.92,2.32,50%,50%,7,12,1,5,3,6,3,1,13,10,3,5,2,1,12,19,3,1,10,17,0,0,2,2,385,399,,,23,15,79,95,25,49,,,17,19,8,4,A
MHTKPHsG,15.02.2024 15:00,Abha,Al Taawon,1,1,0.15,1.26,39%,61%,5,16,0,6,2,5,3,5,18,13,5,6,1,0,23,32,5,0,13,20,0,0,3,2,341,543,,,13,8,59,143,26,46,,,16,28,9,11,D
Q1IMGMbo,07.02.2024 19:00,Al Taee,Al Ittihad,0,3,0.48,1.65,42%,58%,16,16,3,5,11,8,2,3,12,12,5,5,2,2,12,22,2,3,9,11,0,0,3,2,275,507,,,20,27,121,104,44,48,,,23,18,21,15,A
4hHQFtEi,30.12.2023 19:00,Al Shabab,Al Wehda,1,0,1.48,0.37,57%,43%,12,7,3,1,4,5,5,1,11,17,8,3,2,2,18,21,1,2,15,10,0,0,2,1,482,363,407,285,20,11,106,88,68,31,15,23,6,4,11,10,H
YX8sCbDG,30.12.2023 19:00,Al Taawon,Al Nassr,1,4,1.81,2.09,45%,55%,13,20,8,6,3,11,2,3,17,18,0,5,3,3,12,12,2,7,13,15,0,0,2,3,479,587,401,530,15,11,97,105,36,54,14,13,1,6,6,12,A
p80ECAnU,30.12.2023 16:00,Al Fateh,Al Akhdoud,0,0,1.77,0.32,64%,36%,16,8,6,2,9,3,1,3,12,14,8,2,2,1,22,23,2,6,12,11,0,0,2,4,486,287,410,217,21,15,117,73,72,33,15,26,7,1,8,14,D
fsAwDvbA,29.12.2023 19:00,Al Ahli SC,Al Khaleej,1,0,1.87,0.14,60%,40%,15,6,6,3,6,2,3,1,10,16,8,2,0,0,13,13,3,5,23,19,0,0,2,4,494,333,423,256,15,26,145,69,78,15,14,29,4,2,9,12,H
nHnt8Ufo,29.12.2023 16:00,Al Feiha,Al Hilal,0,2,0.05,1.12,27%,73%,2,14,0,6,1,6,1,2,11,14,1,4,5,4,17,28,4,0,11,12,0,0,5,1,239,646,153,555,21,16,62,162,28,91,34,6,2,5,15,6,A
bFGUE0Tc,29.12.2023 16:00,Al Raed,Abha,4,3,2.42,1.33,58%,42%,19,6,7,5,7,1,5,0,13,13,3,0,0,0,23,21,2,3,14,13,0,0,2,3,474,338,400,267,12,14,113,86,48,13,8,24,7,1,5,6,H
CIKYDKr4,28.12.2023 16:00,Al Ettifaq,Al Hazem,1,1,1.91,1.61,63%,37%,14,7,4,3,4,2,6,2,12,10,13,4,1,2,21,13,2,3,13,9,0,0,0,1,507,314,450,248,15,11,121,68,69,33,16,29,6,2,7,6,D
tb8oBISM,28.12.2023 16:00,Al Riyadh,Damac,1,0,0.57,1.11,35%,65%,4,12,2,1,2,6,0,5,15,20,1,6,3,5,11,18,1,1,24,14,0,0,2,2,298,543,241,468,11,12,66,129,22,80,26,11,2,5,9,7,H
6Xyv6u49,26.12.2023 19:00,Al Ittihad,Al Nassr,2,5,0.83,3.65,40%,60%,10,16,5,8,5,8,0,0,22,13,3,4,3,5,16,13,3,3,12,15,1,0,5,4,338,509,268,451,9,13,93,96,41,47,,,,,,,A
S6GpJf3n,24.12.2023 19:00,Al Wehda,Al Riyadh,3,1,1.63,0.91,45%,55%,10,11,8,6,1,5,1,0,9,12,7,9,4,2,13,19,5,5,8,8,0,0,1,2,376,448,320,375,7,13,97,83,36,37,28,18,4,4,12,7,H
jo1ADjXN,23.12.2023 19:00,Al Ittihad,Al Raed,1,3,0.85,1.96,61%,39%,9,16,3,7,1,8,5,1,16,9,3,5,1,3,8,13,4,2,8,16,1,0,2,1,590,371,511,316,12,14,128,70,30,48,14,15,1,9,5,14,A
dn81FC2B,23.12.2023 16:00,Al Taawon,Al Fateh,1,3,1.85,2.02,67%,33%,21,10,7,3,8,5,6,2,14,18,10,4,1,0,17,5,0,6,15,18,0,0,2,4,564,274,495,205,16,20,130,61,64,41,13,32,6,3,8,16,A
E3CtKzlt,22.12.2023 16:00,Al Akhdoud,Al Shabab,1,0,0.30,0.39,26%,74%,7,9,2,0,4,3,1,6,14,14,3,8,0,2,10,35,0,1,14,16,1,1,3,0,226,632,151,549,21,23,80,115,31,66,31,9,2,4,11,5,H
Ie9cGhm5,22.12.2023 16:00,Al Hazem,Al Ahli SC,0,4,0.87,2.11,40%,60%,10,19,4,12,4,4,2,3,15,16,3,12,2,0,24,21,8,4,17,16,0,0,3,2,291,435,245,366,15,22,89,104,43,45,23,13,2,7,8,7,A
lM4gHYXb,22.12.2023 16:00,Al Nassr,Al Ettifaq,3,1,3.20,0.37,66%,34%,20,5,11,2,6,3,3,0,16,10,4,1,2,4,8,23,1,8,10,15,0,0,1,2,659,337,600,263,17,18,148,45,75,23,6,24,10,2,14,6,H
AV5kIEIh,21.12.2023 19:00,Al Hilal,Abha,7,0,4.73,0.31,66%,34%,21,9,9,3,9,4,3,2,17,11,6,3,3,5,13,12,3,2,11,14,0,0,1,3,629,315,556,244,17,9,156,72,77,31,5,19,6,2,10,11,H
2RaZBwdJ,21.12.2023 16:00,Al Khaleej,Al Feiha,3,0,1.74,0.15,62%,38%,17,5,8,2,7,3,2,0,19,8,8,3,1,4,8,4,2,5,13,18,0,0,1,4,617,378,562,317,14,12,114,80,46,29,13,18,3,1,7,5,H
vBc6EWHH,21.12.2023 16:00,Damac,Al Taee,3,0,2.07,0.31,46%,54%,25,7,9,2,9,3,7,2,22,12,8,5,5,4,21,25,2,6,9,18,0,1,1,6,338,397,284,337,12,10,80,70,40,32,19,19,5,1,5,5,H
djnnN34K,16.12.2023 19:00,Al Ettifaq,Al Taawon,0,2,1.45,2.80,42%,58%,7,11,1,5,3,2,3,4,10,14,5,4,2,2,11,12,3,1,16,8,0,0,1,1,442,645,381,578,5,7,116,111,54,42,12,22,4,4,11,3,A
INVUEuC0,16.12.2023 16:00,Al Riyadh,Al Khaleej,0,1,0.62,0.95,52%,48%,2,11,0,4,2,4,0,3,16,19,0,3,3,1,15,25,3,0,19,18,0,0,3,2,470,441,390,371,16,6,93,109,20,38,24,15,3,2,16,6,A
SYxIHsSs,15.12.2023 16:00,Al Fateh,Al Shabab,1,1,0.77,1.69,41%,59%,11,16,6,7,3,4,2,5,19,12,5,8,3,0,11,16,6,5,9,18,0,0,3,3,348,501,286,435,16,11,54,112,26,69,27,10,3,4,11,12,D
Oz1VCJtD,15.12.2023 16:00,Al Hilal,Al Wehda,2,0,1.21,0.57,71%,29%,18,9,7,2,8,7,3,0,16,18,8,4,2,7,23,15,2,5,16,9,0,0,,,624,253,541,180,22,10,141,68,82,29,20,40,4,4,7,8,H
QPjjMNJQ,15.12.2023 16:00,Al Raed,Damac,0,1,,,47%,53%,5,8,1,2,1,4,3,2,13,17,6,1,3,0,29,19,1,1,14,14,0,0,3,3,420,486,336,404,22,16,113,98,56,36,7,27,4,4,4,16,A
dEUYDaR6,14.12.2023 19:00,Al Feiha,Al Ahli SC,0,4,0.71,3.80,43%,57%,10,12,4,7,3,4,3,1,15,18,3,7,5,0,27,8,3,4,16,15,0,0,2,0,374,489,294,417,13,26,89,105,42,45,17,12,3,8,7,9,A
AcSMG1sl,14.12.2023 16:00,Abha,Al Hazem,1,1,0.48,0.94,56%,44%,9,10,1,4,4,4,4,2,18,11,1,4,2,3,18,9,3,0,11,23,0,0,3,4,477,372,405,306,12,14,116,100,47,39,10,25,3,0,7,9,D
O0WQFLdf,14.12.2023 16:00,Al Akhdoud,Al Taee,1,0,0.71,0.73,44%,56%,16,8,5,3,8,3,3,2,13,18,6,5,1,0,13,23,3,4,16,11,0,0,2,0,379,481,292,390,23,15,101,97,49,42,17,27,5,3,13,4,H
EVCr3rDl,09.12.2023 19:00,Al Wehda,Al Akhdoud,2,0,1.22,0.65,49%,51%,12,20,7,4,4,9,1,7,13,22,6,5,5,0,14,14,4,5,19,13,0,1,1,1,359,372,296,285,8,15,80,102,31,49,35,16,7,5,11,7,H
W67m22Sf,09.12.2023 16:00,Al Ahli SC,Al Raed,0,0,1.33,0.86,71%,29%,22,2,4,0,10,2,8,0,7,5,11,2,1,1,12,14,0,4,11,10,0,0,2,3,625,258,550,172,15,14,170,47,90,16,5,35,7,0,5,11,D
IaRC84kR,08.12.2023 19:00,Al Nassr,Al Riyadh,4,1,1.88,0.32,67%,33%,22,1,8,1,8,0,6,0,16,17,9,2,9,6,22,9,0,4,9,11,0,0,1,2,576,290,516,224,13,14,140,45,78,13,6,23,10,2,13,15,H
IamrOqkE,08.12.2023 16:00,Al Khaleej,Abha,3,1,0.60,0.62,47%,53%,7,13,3,3,2,9,2,1,18,16,6,6,0,5,15,19,2,0,16,13,1,0,5,1,372,409,302,341,13,19,85,119,30,46,24,22,1,5,13,6,H
Ac6i1Ms1,08.12.2023 16:00,Al Taawon,Al Feiha,4,1,1.88,0.75,63%,37%,11,7,9,3,1,2,1,2,13,9,7,4,0,4,15,15,2,5,9,10,0,0,,,658,385,587,311,23,16,137,81,60,37,12,13,2,2,6,12,H
4dN89pzL,08.12.2023 16:00,Al Taee,Al Hilal,1,2,0.19,1.98,34%,66%,8,14,4,5,3,6,1,3,19,11,0,10,1,4,14,13,3,3,12,15,0,0,3,2,302,599,234,542,18,19,56,121,21,70,24,2,3,9,5,7,A
Gf9aa0CD,07.12.2023 19:00,Al Shabab,Al Ettifaq,0,0,,,56%,44%,16,10,5,2,6,7,5,1,9,11,5,6,0,1,21,21,2,5,10,6,2,1,2,0,509,377,445,319,7,16,96,66,42,46,26,25,2,8,11,12,D
zuEv4Ocr,07.12.2023 16:00,Al Hazem,Al Fateh,2,0,2.32,0.35,45%,55%,15,11,5,4,7,3,3,4,8,20,7,8,0,0,16,21,4,3,19,9,0,0,3,1,374,455,305,363,19,22,104,106,73,66,34,11,4,4,10,6,H
4K5e0tc7,07.12.2023 16:00,Damac,Al Ittihad,3,1,1.85,1.23,49%,51%,15,10,4,4,7,5,4,1,20,13,8,6,2,3,13,17,3,1,12,18,0,0,1,3,355,380,286,311,19,18,95,84,41,39,17,22,6,2,13,10,H
jenvWstM,02.12.2023 19:00,Al Raed,Al Wehda,2,0,0.97,0.34,44%,56%,8,10,3,1,3,5,2,4,6,16,3,7,3,0,13,20,1,1,15,8,0,1,2,2,377,453,296,376,13,11,101,124,79,53,25,9,0,6,12,3,H
b1yEPuJk,02.12.2023 19:00,Al Shabab,Al Taawon,1,2,1.84,2.82,48%,52%,11,19,2,4,4,11,5,4,15,15,4,9,3,1,20,18,2,1,12,15,0,0,1,3,403,431,340,379,12,11,79,109,39,81,26,17,4,8,3,8,A
06gRYqd3,02.12.2023 16:00,Al Akhdoud,Al Ettifaq,1,0,0.57,0.38,44%,56%,9,8,1,4,3,3,5,1,11,9,4,6,2,2,10,9,4,0,17,12,0,0,2,1,396,497,306,426,7,11,70,131,43,59,,,,,,,H
n3kNZPtc,02.12.2023 16:00,Al Fateh,Al Taee,0,1,0.69,1.34,56%,44%,16,10,6,8,5,1,5,1,13,23,10,3,6,1,18,9,7,6,18,12,0,0,3,4,442,358,373,292,17,23,110,89,68,42,,,,,,,A
nRX9QL3q,01.12.2023 19:00,Al Hilal,Al Nassr,3,0,1.66,0.84,36%,64%,17,13,6,3,9,5,2,5,17,21,4,3,3,10,19,14,3,3,20,7,1,0,4,2,268,485,209,414,17,14,94,93,50,56,13,11,7,8,8,10,H
UoorV1eS,01.12.2023 16:00,Al Feiha,Damac,2,4,0.72,2.73,57%,43%,11,8,2,6,6,2,3,0,4,6,7,2,4,0,8,7,2,0,13,12,0,0,2,2,555,419,475,347,17,21,138,93,55,27,6,19,4,1,4,6,A
fThVX3B9,30.11.2023 19:00,Al Ittihad,Al Khaleej,4,2,3.29,1.29,53%,47%,13,16,4,6,8,9,1,1,7,17,2,3,0,0,14,13,4,0,17,11,0,0,2,1,408,358,348,305,13,15,92,79,37,29,15,13,2,3,7,14,H
tQQIOaYe,30.11.2023 16:00,Abha,Al Ahli SC,0,6,0.42,1.95,44%,56%,10,16,2,10,6,5,2,1,23,11,5,5,4,4,10,13,4,2,8,18,0,0,2,2,312,407,259,360,13,15,65,92,29,51,14,16,6,2,7,8,A
YJiZWNQF,30.11.2023 16:00,Al Riyadh,Al Hazem,0,0,0.06,1.13,51%,49%,3,15,0,8,2,3,1,4,14,10,3,4,1,0,17,17,8,0,9,15,0,0,2,1,532,504,459,434,12,10,105,126,36,63,27,15,3,3,7,12,D
67CzCMlj,25.11.2023 19:00,Al Ahli SC,Al Shabab,0,0,0.82,0.43,52%,48%,17,6,7,2,8,2,2,2,11,14,3,4,1,5,11,16,2,7,13,4,0,0,3,3,480,451,414,382,20,14,102,97,50,46,8,22,8,1,14,8,D
ANB5HrRS,25.11.2023 19:00,Al Fateh,Al Feiha,0,1,0.78,0.40,63%,37%,17,10,4,6,8,3,5,1,12,16,8,3,1,0,16,8,5,4,15,13,0,0,2,2,587,348,530,287,18,14,126,81,65,32,14,31,5,0,4,9,A
O6PqM6Cc,25.11.2023 19:00,Al Wehda,Al Khaleej,3,1,2.07,1.54,45%,55%,13,12,5,7,6,2,2,3,19,10,3,4,4,3,13,10,6,2,8,15,0,0,0,3,333,437,279,393,16,13,80,83,43,42,21,20,11,0,3,6,H
EeIdJ4dG,25.11.2023 19:00,Damac,Abha,4,2,1.53,1.58,59%,41%,22,13,9,6,6,4,7,3,13,21,6,3,7,0,20,13,4,5,16,14,0,1,0,5,455,305,393,224,16,16,106,81,68,33,14,17,2,3,14,7,H
CWcXC2Zq,25.11.2023 16:00,Al Hazem,Al Hilal,0,9,0.23,4.19,31%,69%,5,23,2,15,3,5,0,3,11,14,4,6,6,1,11,10,6,2,9,9,0,0,1,2,313,708,253,641,11,11,61,130,29,58,16,7,2,7,10,5,A
pbBvBt4d,24.11.2023 19:00,Al Nassr,Al Akhdoud,3,0,1.59,0.12,70%,30%,17,8,7,5,6,2,4,1,13,14,9,2,3,4,16,13,5,4,12,9,0,0,0,3,681,283,615,224,12,17,116,82,58,35,9,20,5,1,11,12,H
trKlLQR3,24.11.2023 19:00,Al Taee,Al Raed,4,3,2.55,2.46,78%,22%,16,9,8,6,2,2,6,1,10,8,8,3,2,0,9,6,3,4,10,13,0,1,2,3,641,187,591,128,8,29,150,27,87,12,4,40,8,2,6,16,H
KYIhKpsA,24.11.2023 16:00,Al Ettifaq,Al Ittihad,1,1,1.28,1.12,42%,58%,11,13,3,3,5,7,3,3,12,7,4,3,1,0,27,20,2,2,7,12,0,0,0,1,374,541,304,462,18,16,111,101,45,24,10,19,8,3,8,3,D
SbM0IOBM,24.11.2023 16:00,Al Taawon,Al Riyadh,1,2,1.84,1.94,53%,47%,22,12,6,3,10,6,6,3,13,11,6,6,2,1,12,13,1,5,12,18,1,1,0,3,471,414,392,335,20,14,126,85,38,30,23,19,8,3,6,14,A
hOIDJDja,11.11.2023 19:00,Al Wehda,Al Nassr,1,3,0.71,1.37,40%,60%,16,15,5,9,7,4,4,2,6,5,4,7,5,4,6,6,6,4,10,12,0,0,1,0,390,591,330,515,10,16,100,105,52,38,18,12,5,2,9,6,A
AaT8Kgyg,11.11.2023 16:00,Al Akhdoud,Al Hazem,2,1,1.05,1.78,36%,64%,16,18,7,5,5,8,4,5,12,14,3,5,2,0,18,23,4,5,12,12,1,0,3,3,298,536,222,447,17,13,71,137,36,72,33,5,7,10,7,7,H
ddP4LZLn,11.11.2023 16:00,Al Feiha,Al Ettifaq,0,0,1.31,0.71,52%,48%,15,15,5,5,7,7,3,3,13,10,6,6,0,3,12,17,5,5,11,11,0,0,1,2,508,461,452,399,19,13,114,88,36,48,17,15,3,6,8,6,D
0lMLHiLB,10.11.2023 19:00,Al Ittihad,Abha,4,2,2.64,2.65,52%,48%,14,16,6,4,6,6,2,6,11,14,4,6,3,0,8,13,2,2,11,14,0,0,2,1,444,391,393,328,15,11,99,91,28,64,25,10,1,8,6,2,H
pGQuNnci,10.11.2023 16:00,Al Hilal,Al Taawon,2,0,2.51,0.38,64%,36%,14,8,5,2,4,5,5,1,17,15,8,3,2,6,14,20,2,3,17,15,0,0,2,4,473,266,419,204,21,22,123,53,65,34,16,23,7,3,6,10,H
WCxbb3Kj,09.11.2023 19:00,Al Riyadh,Al Fateh,1,1,1.48,1.13,53%,47%,15,16,5,3,6,9,4,4,6,14,1,9,1,0,10,5,2,4,18,12,0,1,2,3,543,474,493,422,17,14,101,102,42,45,10,10,4,2,8,8,D
vuLPGBzI,09.11.2023 19:00,Damac,Al Ahli SC,2,2,0.99,1.05,49%,51%,11,9,4,6,6,3,1,0,13,15,3,5,7,2,19,11,4,2,10,14,0,0,0,3,439,451,362,379,12,16,96,98,46,35,12,20,2,3,7,8,D
WEHHIX55,09.11.2023 16:00,Al Khaleej,Al Taee,3,1,2.56,0.72,46%,54%,15,12,9,4,3,3,3,5,15,16,2,5,4,1,10,12,3,6,13,14,1,1,4,3,338,399,281,356,20,12,78,86,42,52,16,12,4,5,6,6,H
KxZgaq5p,09.11.2023 16:00,Al Raed,Al Shabab,2,1,1.29,1.17,32%,68%,13,19,4,6,4,12,5,1,11,10,6,4,1,2,15,26,5,2,9,8,0,0,1,2,277,601,207,529,15,19,71,146,32,90,32,12,5,8,11,5,H
h2sw7z7g,05.11.2023 19:00,Al Ahli SC,Al Riyadh,3,0,0.91,0.02,59%,41%,11,10,8,2,3,6,0,2,6,13,3,7,2,1,5,11,2,5,10,6,0,0,,,587,387,542,325,18,16,133,78,40,45,,,,,,,H
MsZg3h6I,05.11.2023 16:00,Al Hazem,Al Wehda,1,2,1.24,1.46,42%,58%,9,14,1,4,5,7,3,3,13,12,7,4,0,3,12,17,2,0,15,14,2,0,3,2,299,426,221,362,12,11,92,104,40,60,,,,,,,A
Whts6fMa,05.11.2023 16:00,Al Taawon,Damac,0,0,0.48,1.09,64%,36%,17,12,4,2,10,7,3,3,15,11,9,5,1,1,22,12,2,4,11,16,0,0,2,1,566,313,491,246,20,12,143,60,63,42,,,,,,,D
OSxZ7Gim,04.11.2023 19:00,Al Ettifaq,Al Raed,0,0,0.35,0.08,65%,35%,19,2,5,0,6,1,8,1,6,5,7,1,4,0,18,4,0,5,8,11,0,0,3,4,605,334,524,246,8,19,181,58,74,7,,,,,,,D
EHVo5Ey6,04.11.2023 19:00,Al Nassr,Al Khaleej,2,0,0.26,0.20,71%,29%,8,11,4,2,1,8,3,1,17,19,2,4,7,7,9,12,2,2,12,11,0,0,1,2,779,309,728,258,5,14,140,77,54,48,,,,,,,H
0QwZQebP,04.11.2023 16:00,Abha,Al Akhdoud,3,2,0.25,0.85,55%,45%,10,22,4,7,2,11,4,4,12,8,2,10,1,3,20,22,5,1,10,13,0,0,0,3,463,362,367,271,6,21,99,64,43,35,,,,,,,H
2ZP0MF6t,03.11.2023 19:00,Al Shabab,Al Ittihad,1,0,0.59,0.42,32%,68%,9,9,1,4,6,2,2,3,14,12,5,6,0,6,20,21,4,0,12,8,0,0,5,0,299,643,210,556,19,20,75,136,39,63,,,,,,,H
0YXc2CLO,03.11.2023 16:00,Al Fateh,Al Hilal,0,2,0.57,1.64,52%,48%,17,12,4,7,7,3,6,2,23,14,4,5,1,0,12,12,5,4,15,22,0,0,1,4,435,401,374,346,21,21,79,99,46,43,,,,,,,A
SKZk4YjC,03.11.2023 16:00,Al Taee,Al Feiha,3,3,1.56,1.40,51%,49%,11,17,5,7,5,4,1,6,17,15,5,7,2,1,12,15,4,2,13,15,0,0,1,4,421,415,353,337,20,19,85,117,53,54,,,,,,,D
bR20gHxf,28.10.2023 20:00,Al Wehda,Al Ettifaq,2,3,,,54%,46%,12,10,5,8,3,2,4,0,18,11,6,2,0,2,23,30,5,3,11,15,0,0,3,2,450,378,373,285,24,14,111,87,63,60,,,,,,,A
tAraEIEJ,28.10.2023 17:00,Abha,Al Shabab,2,1,,,43%,57%,10,15,4,7,4,7,2,1,14,9,5,4,3,6,10,3,6,2,13,14,0,1,1,3,312,433,246,362,9,14,82,86,40,31,,,,,,,H
ve12DxUP,28.10.2023 17:00,Al Feiha,Al Nassr,1,3,,,37%,63%,16,19,6,7,6,6,4,6,9,13,4,2,3,2,9,8,4,5,11,7,0,0,2,1,407,691,342,633,14,13,76,129,39,71,,,,,,,A
hl24hyh0,27.10.2023 20:00,Al Hilal,Al Ahli SC,3,1,,,50%,50%,12,12,5,3,5,5,2,4,9,16,2,5,4,0,18,18,2,2,11,14,0,0,0,4,378,383,299,307,17,23,105,103,53,51,,,,,,,H
lGeDjFMC,27.10.2023 17:00,Al Raed,Al Fateh,1,2,,,52%,48%,16,9,6,2,7,5,3,2,6,8,4,4,0,1,8,8,0,5,15,15,0,0,4,3,395,379,338,322,12,16,118,76,50,36,,,,,,,A
pxvV8dxs,27.10.2023 17:00,Al Taee,Al Riyadh,3,2,,,58%,42%,9,7,4,4,3,2,2,1,20,12,4,5,0,3,9,15,2,1,13,18,0,0,2,1,553,398,493,326,13,20,107,76,39,36,,,,,,,H
pObdfcNm,26.10.2023 20:00,Al Ittihad,Al Hazem,2,2,,,60%,40%,12,12,5,5,4,5,3,2,11,7,9,2,0,1,20,14,3,3,8,13,0,0,2,2,541,360,475,296,23,21,128,75,63,47,,,,,,,D
Wv18ie76,26.10.2023 17:00,Al Khaleej,Al Taawon,1,1,,,43%,57%,9,16,2,4,3,11,4,1,21,9,6,6,1,0,11,13,3,1,10,18,0,0,2,3,361,490,293,432,21,13,74,120,36,48,,,,,,,D
S6fHkZyJ,26.10.2023 17:00,Damac,Al Akhdoud,2,0,,,50%,50%,13,13,4,4,6,6,3,3,16,9,4,6,3,4,25,26,4,2,6,12,0,0,2,3,390,390,307,304,13,12,83,102,44,51,,,,,,,H
8xlItvgl,22.10.2023 17:00,Al Riyadh,Al Ettifaq,1,0,,,32%,68%,5,17,3,4,2,8,0,5,14,13,0,9,2,0,9,22,4,2,11,14,0,0,4,1,286,589,211,508,18,12,48,156,16,87,,,,,,,H
CUpZxdhD,21.10.2023 20:00,Al Ahli SC,Al Wehda,3,1,,,57%,43%,17,3,7,1,7,1,3,1,15,16,3,1,2,3,11,15,0,4,14,13,0,1,1,3,439,332,378,270,17,15,86,90,34,38,,,,,,,H
2a9iew8s,21.10.2023 20:00,Al Shabab,Al Taee,2,0,,,46%,54%,21,5,7,1,8,3,6,1,15,21,7,5,0,1,16,21,1,5,23,17,0,0,1,3,367,441,310,377,19,9,92,116,76,58,,,,,,,H
hQNL0apK,21.10.2023 17:00,Al Hazem,Al Raed,4,3,,,42%,58%,6,19,6,8,0,5,0,6,15,12,1,11,1,2,24,27,5,2,12,13,0,0,0,1,356,468,293,401,16,19,77,104,28,66,,,,,,,H
QDrNub8f,21.10.2023 17:00,Al Nassr,Damac,2,1,,,59%,41%,12,16,2,6,6,5,4,5,15,17,3,6,2,3,16,19,5,0,17,17,0,0,2,2,562,389,506,323,12,14,111,79,40,30,,,,,,,H
bRtVwxw7,20.10.2023 20:00,Al Fateh,Abha,4,1,,,,,,,,,,,,,,,,,,,,,,,,,0,0,,,,,,,,,,,,,,,,,,,H
0jNPaJaQ,20.10.2023 20:00,Al Hilal,Al Khaleej,1,0,,,66%,34%,20,10,6,1,11,5,3,4,11,18,9,3,4,4,19,15,1,5,17,8,0,0,2,2,566,302,500,228,16,17,164,57,92,22,,,,,,,H
EZOH1uVD,20.10.2023 17:00,Al Akhdoud,Al Feiha,1,2,,,56%,44%,15,13,6,3,5,5,4,5,10,13,8,2,5,6,18,17,1,5,10,9,0,0,,,490,400,405,310,18,17,123,105,73,43,,,,,,,A
44sRvIN0,20.10.2023 17:00,Al Taawon,Al Ittihad,1,1,,,49%,51%,15,12,3,8,9,3,3,1,12,9,4,11,0,2,11,31,7,2,8,10,0,0,1,2,488,508,418,420,28,12,99,101,47,51,,,,,,,D
C62nn0VQ,07.10.2023 20:00,Al Khaleej,Al Raed,0,0,,,54%,46%,9,11,1,4,6,3,2,4,12,10,1,4,3,1,17,4,4,1,11,21,0,0,2,4,440,377,393,327,14,17,98,69,40,22,,,,,,,D
j1HiQI87,07.10.2023 20:00,Al Wehda,Al Feiha,1,1,,,58%,42%,12,8,3,4,8,3,1,1,15,14,5,3,1,3,15,12,3,2,13,16,0,0,2,3,467,351,406,287,12,6,132,87,49,29,,,,,,,D
UoTrSvve,07.10.2023 17:00,Al Akhdoud,Al Hilal,0,3,,,27%,73%,6,22,1,10,4,9,1,3,13,7,2,10,1,2,22,18,7,1,7,11,1,0,4,1,218,608,144,545,9,20,54,122,25,98,,,,,,,A
I79wlM0E,06.10.2023 20:00,Al Ittihad,Al Ahli SC,0,1,,,62%,38%,17,5,4,2,9,1,4,2,11,12,4,3,2,2,23,15,1,4,10,11,0,0,2,4,567,359,512,286,17,21,139,88,74,34,,,,,,,A
vHAZl2o8,06.10.2023 17:00,Al Nassr,Abha,2,2,,,60%,40%,25,8,6,6,11,2,8,0,11,17,8,2,8,1,13,7,4,4,11,9,1,0,0,4,517,345,446,261,15,12,131,69,83,27,,,,,,,D
UokEsKwr,05.10.2023 20:00,Al Ettifaq,Al Fateh,1,2,,,54%,46%,14,8,6,2,6,3,2,3,12,14,3,1,2,0,7,8,0,5,13,12,0,0,2,1,478,419,438,355,9,13,113,61,67,36,,,,,,,A
CAImRbg1,05.10.2023 17:00,Al Riyadh,Al Shabab,2,2,,,29%,71%,8,18,4,5,2,6,2,7,21,15,2,10,3,2,15,11,3,2,14,17,0,0,2,1,243,556,167,504,12,8,50,147,13,87,,,,,,,D
0WbrmtGK,05.10.2023 17:00,Al Taawon,Al Taee,3,0,,,49%,51%,15,14,7,4,7,8,1,2,14,11,4,5,2,2,9,19,4,4,11,12,0,0,0,2,465,460,402,395,22,13,95,121,41,72,,,,,,,H
GrPvTKOl,05.10.2023 14:00,Damac,Al Hazem,4,1,,,51%,49%,8,12,6,4,0,5,2,3,16,12,6,1,2,1,16,24,3,3,15,12,0,0,1,0,474,459,413,398,15,19,75,115,38,48,,,,,,,H
pd27oTvG,30.09.2023 20:00,Al Ahli SC,Al Ettifaq,0,0,,,49%,51%,15,4,3,2,8,2,4,0,14,16,8,2,3,0,17,20,2,3,11,14,0,0,1,1,415,450,365,376,17,11,112,91,56,42,,,,,,,D
MLPzU09r,30.09.2023 20:00,Al Khaleej,Damac,0,2,,,53%,47%,18,8,7,4,6,3,5,1,17,20,2,2,1,3,18,15,2,7,18,15,0,0,4,1,497,441,435,380,8,14,121,78,48,37,,,,,,,A
d2CnnuET,30.09.2023 17:00,Al Fateh,Al Wehda,5,1,,,53%,47%,15,7,7,5,5,1,3,1,12,17,1,4,1,0,16,9,4,2,15,11,0,0,1,2,385,337,320,277,11,12,70,92,38,49,,,,,,,H
pMX2lVfc,30.09.2023 17:00,Al Raed,Al Akhdoud,1,2,,,58%,42%,15,9,3,5,4,3,8,1,12,18,10,2,1,0,21,15,3,2,17,11,0,0,2,3,464,332,384,241,10,29,99,66,60,42,,,,,,,A
IZVAn9P9,30.09.2023 14:00,Abha,Al Riyadh,0,1,,,59%,41%,18,5,2,2,10,2,6,1,22,10,5,3,1,3,11,10,1,2,10,25,0,0,1,1,425,305,355,232,14,13,106,58,47,19,,,,,,,A
vqX6mkA3,29.09.2023 20:00,Al Hilal,Al Shabab,2,0,,,49%,51%,23,9,8,1,9,7,6,1,18,23,7,2,5,6,7,16,1,6,17,13,0,0,1,1,435,449,379,386,22,19,98,88,60,49,,,,,,,H
WITbkBui,29.09.2023 17:00,Al Feiha,Al Ittihad,0,0,,,34%,66%,9,11,4,5,2,4,3,2,17,13,3,5,3,3,13,23,5,4,10,14,0,0,1,2,328,628,257,551,21,20,77,133,20,72,,,,,,,D
Sp3ItJyi,29.09.2023 17:00,Al Hazem,Al Taawon,1,3,,,38%,62%,11,18,3,11,2,2,6,5,12,15,8,5,3,0,24,15,8,2,13,10,0,0,1,0,305,526,249,461,14,21,64,120,58,63,,,,,,,A
lf4EsaMp,29.09.2023 17:00,Al Taee,Al Nassr,1,2,,,42%,58%,11,19,6,6,2,8,3,5,17,16,4,0,1,5,17,17,4,5,16,13,0,0,4,2,360,513,310,453,18,22,65,124,28,70,,,,,,,A
IBDrmLbN,22.09.2023 20:00,Al Nassr,Al Ahli SC,4,3,,,60%,40%,14,21,7,9,3,8,4,4,14,15,1,6,2,4,12,15,6,3,14,12,0,0,2,2,494,297,419,246,25,19,87,93,36,74,,,,,,,H
zmOwl1qH,22.09.2023 20:00,Al Wehda,Abha,4,0,,,66%,34%,24,8,12,4,8,1,4,3,14,15,6,1,4,3,12,15,4,8,11,12,0,0,1,1,464,238,401,177,6,15,74,77,45,31,,,,,,,H
48m9YLqU,22.09.2023 17:00,Al Akhdoud,Al Khaleej,0,1,,,51%,49%,9,9,4,6,3,2,2,1,15,20,8,6,1,3,18,14,5,4,22,17,0,0,2,3,344,333,272,265,13,25,76,52,40,46,,,,,,,A
UkLVkNE4,22.09.2023 17:00,Al Riyadh,Al Feiha,1,3,,,52%,48%,9,15,3,8,5,5,1,2,6,15,6,5,0,1,9,12,5,2,18,9,0,0,1,0,485,454,432,389,11,19,127,93,62,51,,,,,,,A
YNRMiqph,21.09.2023 20:00,Al Ittihad,Al Fateh,2,1,,,58%,42%,16,7,4,3,3,0,9,4,12,12,5,4,2,1,11,18,2,2,13,11,0,0,3,3,558,398,499,324,19,26,144,87,64,29,,,,,,,H
fXSIhPUo,21.09.2023 20:00,Al Shabab,Al Hazem,4,1,,,56%,44%,11,7,7,5,2,2,2,0,17,15,4,3,1,4,9,15,4,3,14,14,0,0,3,1,517,395,449,341,9,12,103,93,62,43,,,,,,,H
jaMRj3ab,21.09.2023 17:00,Al Ettifaq,Al Taee,4,3,,,55%,45%,16,11,6,6,7,4,3,1,11,6,6,3,1,2,9,6,3,2,8,13,0,0,3,2,529,428,478,374,9,15,117,49,54,30,,,,,,,H
tUvyUuho,21.09.2023 17:00,Al Taawon,Al Raed,2,1,,,41%,59%,13,14,5,3,6,10,2,1,16,20,5,9,0,1,15,21,2,3,17,15,0,0,2,2,335,464,258,381,12,19,68,107,30,66,,,,,,,H
OCKZlsUA,21.09.2023 17:00,Damac,Al Hilal,1,1,,,45%,55%,14,10,4,2,7,5,3,3,10,10,4,2,2,0,16,15,1,3,11,11,0,0,2,1,413,512,342,439,9,14,103,92,51,62,,,,,,,D
zTadyOaB,16.09.2023 20:00,Al Ahli SC,Al Taawon,3,2,,,45%,55%,12,12,6,5,4,5,2,2,13,19,4,6,2,3,18,17,3,3,18,9,1,1,4,1,347,419,283,359,10,19,68,98,44,37,,,,,,,H
dx1hx4p5,16.09.2023 17:00,Al Hazem,Al Taee,1,1,,,44%,56%,11,12,4,6,3,5,4,1,14,24,5,8,1,2,16,14,5,3,26,16,0,0,5,3,316,417,251,361,16,13,81,87,40,38,,,,,,,D
Sd9ytnot,16.09.2023 17:00,Al Raed,Al Nassr,1,3,,,37%,63%,11,16,2,7,8,6,1,3,16,11,1,5,1,3,11,10,4,1,10,12,1,0,1,4,319,546,259,493,13,15,76,131,25,54,,,,,,,A
EDBmwpVb,16.09.2023 14:00,Abha,Al Ettifaq,1,3,,,37%,63%,11,9,4,3,4,4,3,2,19,6,3,4,1,3,17,20,0,3,5,16,0,0,2,1,297,501,231,435,17,13,64,94,33,42,,,,,,,A
0A7qvQFh,15.09.2023 20:00,Al Hilal,Al Riyadh,6,1,,,67%,33%,31,9,12,2,12,5,7,2,15,17,3,4,2,3,11,9,1,6,16,14,0,0,1,4,601,290,535,223,20,12,123,59,81,36,,,,,,,H
rga0zrFH,15.09.2023 20:00,Al Khaleej,Al Fateh,1,3,,,48%,52%,14,8,6,7,4,0,4,1,8,18,6,3,1,3,16,10,4,5,16,8,0,1,1,2,418,470,365,412,11,14,101,82,52,36,,,,,,,A
6m8uu60n,15.09.2023 17:00,Al Feiha,Al Shabab,0,1,,,42%,58%,13,6,2,2,10,2,1,2,18,17,5,4,4,3,15,13,1,2,19,16,0,1,3,2,360,489,296,430,19,21,84,98,50,58,,,,,,,A
Mqb4Z1UN,14.09.2023 20:00,Al Wehda,Damac,4,2,,,51%,49%,10,12,7,6,3,3,0,3,18,16,2,2,0,2,13,15,4,3,13,18,0,1,1,2,410,405,352,328,18,19,85,96,19,35,,,,,,,H
SMxVK2FU,14.09.2023 17:00,Al Akhdoud,Al Ittihad,0,1,,,38%,62%,8,10,4,5,3,2,1,3,9,12,5,6,5,1,23,20,4,4,9,9,0,0,1,0,334,583,261,502,28,13,102,105,67,47,,,,,,,A
z9XAPQ0a,02.09.2023 20:00,Al Ettifaq,Damac,3,1,,,61%,39%,11,7,7,2,0,4,4,1,11,10,4,1,4,1,12,9,1,4,11,10,0,0,1,2,571,362,514,310,12,8,99,70,42,34,,,,,,,H
EaWEOpG5,02.09.2023 20:00,Al Fateh,Al Ahli SC,5,1,,,38%,62%,10,18,6,9,4,5,0,4,19,16,6,6,1,3,17,14,8,1,16,18,0,1,3,4,289,482,224,414,17,25,71,134,38,74,,,,,,,H
f9vNMOpI,02.09.2023 20:00,Al Hazem,Al Nassr,1,5,,,31%,69%,5,19,4,10,1,6,0,3,15,17,0,8,3,4,10,12,5,3,15,12,0,0,0,1,284,635,222,565,12,7,61,144,17,57,,,,,,,A
dOLJN4VB,02.09.2023 20:00,Al Shabab,Al Khaleej,1,3,,,,,,,,,,,,,,,,,,,,,,,,,0,0,,,,,,,,,,,,,,,,,,,A
lWwRLr0O,02.09.2023 20:00,Al Taawon,Al Wehda,4,1,,,,,,,,,,,,,,,,,,,,,,,,,0,0,,,,,,,,,,,,,,,,,,,H
6ZS6Q6og,01.09.2023 20:00,Al Ittihad,Al Hilal,3,4,,,44%,56%,16,14,9,7,3,5,4,2,16,12,5,11,2,0,12,16,3,6,13,15,0,0,3,1,383,492,325,420,9,18,82,107,42,51,,,,,,,A
SrU2RnWn,01.09.2023 20:00,Al Riyadh,Al Akhdoud,0,1,,,51%,49%,7,7,1,3,5,1,1,3,17,24,5,8,3,2,13,18,2,1,21,16,0,0,0,1,391,378,322,306,9,9,89,73,33,50,,,,,,,A
8bmWW88P,01.09.2023 17:00,Al Feiha,Al Raed,0,0,,,45%,55%,11,5,3,1,2,2,6,2,14,18,5,8,1,0,23,11,1,3,15,15,0,0,1,3,400,490,336,421,19,16,111,101,46,32,,,,,,,D
pKvbSSGt,01.09.2023 17:00,Al Taee,Abha,1,0,,,,,,,,,,,,,,,,,,,,,,,,,0,0,,,,,,,,,,,,,,,,,,,H
G40p95GI,29.08.2023 20:00,Al Ahli SC,Al Taee,2,0,,,60%,40%,23,3,9,1,8,2,6,0,14,23,7,1,3,0,17,19,1,7,23,17,0,1,2,2,467,328,410,267,23,9,94,77,60,18,,,,,,,H
zgqmAo1C,29.08.2023 20:00,Al Khaleej,Al Hazem,1,1,,,,,,,,,,,,,,,,,,,,,,,,,0,0,,,,,,,,,,,,,,,,,,,D
feal8PVO,29.08.2023 20:00,Al Nassr,Al Shabab,4,0,,,55%,45%,16,3,10,1,3,0,3,2,14,19,5,4,5,5,10,13,1,6,17,14,0,1,2,5,503,419,465,367,19,27,118,67,50,35,,,,,,,H
2uouC7Wa,29.08.2023 17:00,Al Akhdoud,Al Taawon,0,1,,,37%,63%,4,17,2,6,2,9,0,2,17,13,5,4,1,4,12,28,5,2,12,13,0,0,3,2,356,626,280,561,20,21,88,129,47,70,,,,,,,A
d2pqBRo6,29.08.2023 17:00,Damac,Al Fateh,2,2,,,30%,70%,11,19,4,9,5,5,2,5,12,11,3,10,2,3,13,22,7,2,13,10,0,0,2,1,265,630,196,559,18,20,67,138,24,65,,,,,,,D
6DiWDT1m,28.08.2023 20:00,Al Hilal,Al Ettifaq,2,0,,,64%,36%,21,6,6,2,9,3,6,1,12,10,8,0,2,1,17,14,2,4,11,11,0,0,1,0,635,370,573,303,13,18,134,68,74,23,,,,,,,H
SMhSE9ns,28.08.2023 20:00,Al Raed,Al Riyadh,3,0,,,48%,52%,10,9,4,4,5,2,1,3,16,15,6,6,1,3,22,25,4,1,13,14,0,0,2,2,415,453,344,378,14,11,98,94,46,41,,,,,,,H
lxsyDmHg,28.08.2023 20:00,Al Wehda,Al Ittihad,0,3,,,46%,54%,11,10,1,5,7,3,3,2,16,10,5,4,1,3,15,19,2,1,9,14,0,0,2,1,403,491,340,430,17,14,89,65,54,40,,,,,,,A
0EPbWyIE,28.08.2023 17:00,Abha,Al Feiha,2,1,,,,,,,,,,,,,,,,,,,,,,,,,0,0,,,,,,,,,,,,,,,,,,,H
MNQfXH28,25.08.2023 20:00,Al Fateh,Al Nassr,0,5,,,32%,68%,9,24,1,7,5,11,3,6,14,13,3,9,4,2,11,14,2,1,9,14,0,0,1,1,323,689,262,627,12,13,65,101,57,95,,,,,,,A
8rq89EA1,25.08.2023 20:00,Al Shabab,Damac,1,1,,,67%,33%,20,7,5,2,8,4,7,1,20,23,10,0,4,3,12,10,1,4,17,16,0,0,4,4,507,258,450,197,13,18,78,58,73,31,,,,,,,D
KInC8YP7,25.08.2023 20:00,Al Taawon,Abha,1,0,,,63%,37%,19,13,6,1,11,7,2,5,12,23,6,6,4,2,18,12,1,5,17,9,0,0,1,3,512,293,440,223,16,19,110,92,76,45,,,,,,,H
ELq4Afee,25.08.2023 17:00,Al Feiha,Al Hazem,0,0,,,51%,49%,7,5,1,1,3,3,3,1,16,9,5,3,3,2,6,11,1,1,9,16,0,0,1,2,460,442,405,384,8,15,71,85,52,38,,,,,,,D
IgjeCGQr,24.08.2023 20:00,Al Ahli SC,Al Akhdoud,1,0,,,67%,33%,14,6,1,1,6,5,7,0,16,17,3,2,2,0,14,13,1,0,14,14,0,0,0,2,553,268,483,189,16,24,138,69,74,22,,,,,,,H
Gp4TGdIR,24.08.2023 20:00,Al Ettifaq,Al Khaleej,1,1,,,59%,41%,16,2,7,1,6,1,3,0,13,23,10,1,4,0,14,18,0,6,21,14,0,0,3,1,544,398,483,326,12,11,130,83,69,15,,,,,,,D
MN4PHx3L,24.08.2023 20:00,Al Raed,Al Hilal,0,4,,,40%,60%,7,20,2,10,3,8,2,2,11,15,4,5,1,1,10,16,6,2,15,13,1,1,3,0,335,497,265,446,19,9,61,109,27,60,,,,,,,A
zVp0Bztk,24.08.2023 20:00,Al Riyadh,Al Ittihad,0,4,,,42%,58%,9,17,4,8,3,3,2,6,13,11,4,3,2,3,16,14,4,4,10,11,0,0,3,1,440,631,382,578,12,18,82,119,47,47,,,,,,,A
8K0LIImF,24.08.2023 17:00,Al Taee,Al Wehda,0,3,,,57%,43%,6,16,3,5,2,7,1,4,17,20,1,5,3,3,26,25,2,3,17,11,0,0,1,1,417,311,348,242,26,33,107,99,37,34,,,,,,,A
n5CCKvJ2,19.08.2023 20:00,Al Hilal,Al Feiha,1,1,,,,,,,,,,,,,,,,,,,,,,,,,0,0,,,,,,,,,,,,,,,,,,,D
QeBGJbY8,19.08.2023 20:00,Al Ittihad,Al Taee,2,0,,,55%,45%,14,8,8,2,3,4,3,2,12,11,7,0,3,1,9,14,2,6,10,10,0,0,2,2,587,473,528,418,18,16,130,91,57,37,,,,,,,H
Ym9Veet2,19.08.2023 17:00,Abha,Al Raed,1,0,,,31%,69%,8,14,2,5,3,4,3,5,13,12,1,12,1,0,9,16,5,1,10,12,0,0,3,2,273,563,275,501,15,6,54,140,20,97,,,,,,,H
bVGIbcdq,18.08.2023 20:00,Al Hazem,Al Ettifaq,0,2,,,52%,48%,5,5,2,3,2,2,1,0,4,1,4,2,1,3,3,9,1,2,13,13,0,0,3,0,361,331,303,284,11,7,74,51,43,23,,,,,,,A
CYKMcHBk,18.08.2023 20:00,Al Nassr,Al Taawon,0,2,,,61%,39%,24,8,5,6,9,2,10,0,17,13,13,4,5,3,20,7,4,5,8,14,0,0,2,2,574,387,509,315,7,19,136,76,110,19,,,,,,,A
fcARdyRe,18.08.2023 20:00,Al Wehda,Al Shabab,3,1,,,35%,65%,8,8,5,4,2,1,1,3,14,7,2,7,0,2,7,6,3,2,15,15,0,0,2,1,256,487,208,431,18,21,71,78,35,57,,,,,,,H
tjUj3wlS,18.08.2023 17:00,Al Akhdoud,Al Fateh,1,3,,,44%,56%,12,11,2,7,7,1,3,3,10,13,4,3,1,1,15,13,4,1,15,11,1,0,4,1,411,537,349,475,15,14,95,70,58,28,,,,,,,A
2aVn4JYL,17.08.2023 20:00,Al Khaleej,Al Ahli SC,1,3,,,48%,52%,7,11,4,4,3,5,0,2,18,21,1,4,2,7,12,9,1,3,20,15,0,0,2,3,442,487,394,434,11,21,102,88,35,35,,,,,,,A
pOzr5aJF,17.08.2023 17:00,Damac,Al Riyadh,2,2,,,56%,44%,24,6,5,3,12,3,7,0,11,16,11,0,4,1,32,15,1,3,12,14,0,0,2,2,503,410,409,314,16,17,138,80,53,15,,,,,,,D
Y9r1Fgjb,14.08.2023 20:00,Al Ettifaq,Al Nassr,2,1,,,41%,59%,5,10,3,2,2,5,0,3,13,11,2,3,2,1,16,15,1,1,13,10,0,0,0,2,347,499,289,451,11,12,72,102,24,46,,,,,,,H
C0s5ED54,14.08.2023 20:00,Al Shabab,Al Akhdoud,1,1,,,67%,33%,12,8,4,3,6,4,2,1,16,12,5,2,5,1,30,13,2,3,8,18,0,0,2,2,659,333,574,260,21,23,148,72,76,23,,,,,,,D
xrkhHFLo,14.08.2023 17:00,Abha,Al Hilal,1,3,,,28%,72%,12,26,4,8,7,11,1,7,7,9,3,8,2,1,15,14,5,3,8,7,0,0,0,1,233,613,159,550,15,7,55,138,31,61,,,,,,,A
jogdGZzh,14.08.2023 17:00,Al Raed,Al Ittihad,0,3,,,33%,67%,5,18,1,9,4,4,0,5,8,6,1,10,1,2,14,15,6,1,6,7,0,0,,,336,662,274,608,15,15,48,157,16,69,,,,,,,A
MVErcCzU,13.08.2023 20:00,Al Fateh,Al Taawon,1,1,,,48%,52%,10,20,4,7,3,12,3,1,6,9,5,11,1,0,5,10,6,3,10,11,0,0,2,2,405,436,343,379,7,18,70,96,61,47,,,,,,,D
Ov1AhWro,13.08.2023 20:00,Al Riyadh,Al Wehda,1,0,,,38%,62%,6,19,3,8,3,8,0,3,8,15,3,8,1,2,26,32,8,2,15,7,0,0,2,1,319,490,228,410,24,19,80,125,36,70,,,,,,,H
4fKwbhLN,12.08.2023 20:00,Al Feiha,Al Khaleej,3,1,,,34%,66%,7,16,3,4,3,3,1,9,12,16,3,9,3,3,13,14,3,0,17,8,0,0,3,1,294,585,221,501,12,13,67,136,27,84,,,,,,,H
Q3LZbY5H,12.08.2023 17:00,Al Taee,Damac,1,0,,,51%,49%,6,8,2,3,2,2,2,3,26,12,2,3,1,3,9,19,3,1,16,22,0,0,0,5,432,407,365,326,18,20,83,95,30,57,,,,,,,H
WtMVaEjB,11.08.2023 20:00,Al Ahli SC,Al Hazem,3,1,,,59%,41%,15,11,7,2,5,6,3,3,18,16,3,8,8,2,6,22,1,4,11,15,0,0,1,2,507,332,454,263,21,17,95,98,41,50,,,,,,,H
